year,municipality,barcelona neighbourhoods,concept,status,value
2015,Barcelona,el Raval,employed population (%),,50.4
2015,Barcelona,el Raval,low-skilled workers (%),,18.3
2015,Barcelona,el Raval,population with low studies (%),.., 
2015,Barcelona,el Raval,young population without post-compulsory education (%),.., 
2015,Barcelona,el Raval,foreign population from low or middle income countries (%),,38.5
2015,Barcelona,el Raval,average income per person (€),,8320
2015,Barcelona,el Barri Gòtic,employed population (%),,46.8
2015,Barcelona,el Barri Gòtic,low-skilled workers (%),,9.3
2015,Barcelona,el Barri Gòtic,population with low studies (%),.., 
2015,Barcelona,el Barri Gòtic,young population without post-compulsory education (%),.., 
2015,Barcelona,el Barri Gòtic,foreign population from low or middle income countries (%),,19.7
2015,Barcelona,el Barri Gòtic,average income per person (€),,11309
2015,Barcelona,la Barceloneta,employed population (%),,50.2
2015,Barcelona,la Barceloneta,low-skilled workers (%),,12
2015,Barcelona,la Barceloneta,population with low studies (%),.., 
2015,Barcelona,la Barceloneta,young population without post-compulsory education (%),.., 
2015,Barcelona,la Barceloneta,foreign population from low or middle income countries (%),,16
2015,Barcelona,la Barceloneta,average income per person (€),,10875
2015,Barcelona,"Sant Pere, Santa Caterina i la Ribera",employed population (%),,50.4
2015,Barcelona,"Sant Pere, Santa Caterina i la Ribera",low-skilled workers (%),,9.6
2015,Barcelona,"Sant Pere, Santa Caterina i la Ribera",population with low studies (%),.., 
2015,Barcelona,"Sant Pere, Santa Caterina i la Ribera",young population without post-compulsory education (%),.., 
2015,Barcelona,"Sant Pere, Santa Caterina i la Ribera",foreign population from low or middle income countries (%),,18.7
2015,Barcelona,"Sant Pere, Santa Caterina i la Ribera",average income per person (€),,11534
2015,Barcelona,el Fort Pienc,employed population (%),,60
2015,Barcelona,el Fort Pienc,low-skilled workers (%),,5.6
2015,Barcelona,el Fort Pienc,population with low studies (%),.., 
2015,Barcelona,el Fort Pienc,young population without post-compulsory education (%),.., 
2015,Barcelona,el Fort Pienc,foreign population from low or middle income countries (%),,11.5
2015,Barcelona,el Fort Pienc,average income per person (€),,15505
2015,Barcelona,la Sagrada Família,employed population (%),,61.2
2015,Barcelona,la Sagrada Família,low-skilled workers (%),,6
2015,Barcelona,la Sagrada Família,population with low studies (%),.., 
2015,Barcelona,la Sagrada Família,young population without post-compulsory education (%),.., 
2015,Barcelona,la Sagrada Família,foreign population from low or middle income countries (%),,11.2
2015,Barcelona,la Sagrada Família,average income per person (€),,15356
2015,Barcelona,la Dreta de l'Eixample,employed population (%),,59.2
2015,Barcelona,la Dreta de l'Eixample,low-skilled workers (%),,3.5
2015,Barcelona,la Dreta de l'Eixample,population with low studies (%),.., 
2015,Barcelona,la Dreta de l'Eixample,young population without post-compulsory education (%),.., 
2015,Barcelona,la Dreta de l'Eixample,foreign population from low or middle income countries (%),,8
2015,Barcelona,la Dreta de l'Eixample,average income per person (€),,19698
2015,Barcelona,l'Antiga Esquerra de l'Eixample,employed population (%),,60
2015,Barcelona,l'Antiga Esquerra de l'Eixample,low-skilled workers (%),,4.3
2015,Barcelona,l'Antiga Esquerra de l'Eixample,population with low studies (%),.., 
2015,Barcelona,l'Antiga Esquerra de l'Eixample,young population without post-compulsory education (%),.., 
2015,Barcelona,l'Antiga Esquerra de l'Eixample,foreign population from low or middle income countries (%),,9.7
2015,Barcelona,l'Antiga Esquerra de l'Eixample,average income per person (€),,18155
2015,Barcelona,la Nova Esquerra de l'Eixample,employed population (%),,60
2015,Barcelona,la Nova Esquerra de l'Eixample,low-skilled workers (%),,5
2015,Barcelona,la Nova Esquerra de l'Eixample,population with low studies (%),.., 
2015,Barcelona,la Nova Esquerra de l'Eixample,young population without post-compulsory education (%),.., 
2015,Barcelona,la Nova Esquerra de l'Eixample,foreign population from low or middle income countries (%),,10.5
2015,Barcelona,la Nova Esquerra de l'Eixample,average income per person (€),,16995
2015,Barcelona,Sant Antoni,employed population (%),,60.5
2015,Barcelona,Sant Antoni,low-skilled workers (%),,6.7
2015,Barcelona,Sant Antoni,population with low studies (%),.., 
2015,Barcelona,Sant Antoni,young population without post-compulsory education (%),.., 
2015,Barcelona,Sant Antoni,foreign population from low or middle income countries (%),,12.2
2015,Barcelona,Sant Antoni,average income per person (€),,15115
2015,Barcelona,el Poble Sec,employed population (%),,56
2015,Barcelona,el Poble Sec,low-skilled workers (%),,12.7
2015,Barcelona,el Poble Sec,population with low studies (%),.., 
2015,Barcelona,el Poble Sec,young population without post-compulsory education (%),.., 
2015,Barcelona,el Poble Sec,foreign population from low or middle income countries (%),,21
2015,Barcelona,el Poble Sec,average income per person (€),,10927
2015,Barcelona,la Marina del Prat Vermell,employed population (%),,43.1
2015,Barcelona,la Marina del Prat Vermell,low-skilled workers (%),,19.9
2015,Barcelona,la Marina del Prat Vermell,population with low studies (%),.., 
2015,Barcelona,la Marina del Prat Vermell,young population without post-compulsory education (%),.., 
2015,Barcelona,la Marina del Prat Vermell,foreign population from low or middle income countries (%),,7.9
2015,Barcelona,la Marina del Prat Vermell,average income per person (€),,9003
2015,Barcelona,la Marina de Port,employed population (%),,59.6
2015,Barcelona,la Marina de Port,low-skilled workers (%),,13.3
2015,Barcelona,la Marina de Port,population with low studies (%),.., 
2015,Barcelona,la Marina de Port,young population without post-compulsory education (%),.., 
2015,Barcelona,la Marina de Port,foreign population from low or middle income countries (%),,11.3
2015,Barcelona,la Marina de Port,average income per person (€),,11527
2015,Barcelona,la Font de la Guatlla,employed population (%),,58.6
2015,Barcelona,la Font de la Guatlla,low-skilled workers (%),,7.6
2015,Barcelona,la Font de la Guatlla,population with low studies (%),.., 
2015,Barcelona,la Font de la Guatlla,young population without post-compulsory education (%),.., 
2015,Barcelona,la Font de la Guatlla,foreign population from low or middle income countries (%),,12.1
2015,Barcelona,la Font de la Guatlla,average income per person (€),,13921
2015,Barcelona,Hostafrancs,employed population (%),,58.7
2015,Barcelona,Hostafrancs,low-skilled workers (%),,8.8
2015,Barcelona,Hostafrancs,population with low studies (%),.., 
2015,Barcelona,Hostafrancs,young population without post-compulsory education (%),.., 
2015,Barcelona,Hostafrancs,foreign population from low or middle income countries (%),,14.8
2015,Barcelona,Hostafrancs,average income per person (€),,13263
2015,Barcelona,la Bordeta,employed population (%),,61.5
2015,Barcelona,la Bordeta,low-skilled workers (%),,8.5
2015,Barcelona,la Bordeta,population with low studies (%),.., 
2015,Barcelona,la Bordeta,young population without post-compulsory education (%),.., 
2015,Barcelona,la Bordeta,foreign population from low or middle income countries (%),,9.5
2015,Barcelona,la Bordeta,average income per person (€),,13363
2015,Barcelona,Sants-Badal,employed population (%),,60
2015,Barcelona,Sants-Badal,low-skilled workers (%),,9.6
2015,Barcelona,Sants-Badal,population with low studies (%),.., 
2015,Barcelona,Sants-Badal,young population without post-compulsory education (%),.., 
2015,Barcelona,Sants-Badal,foreign population from low or middle income countries (%),,13.2
2015,Barcelona,Sants-Badal,average income per person (€),,13394
2015,Barcelona,Sants,employed population (%),,60.7
2015,Barcelona,Sants,low-skilled workers (%),,7.2
2015,Barcelona,Sants,population with low studies (%),.., 
2015,Barcelona,Sants,young population without post-compulsory education (%),.., 
2015,Barcelona,Sants,foreign population from low or middle income countries (%),,11.7
2015,Barcelona,Sants,average income per person (€),,14587
2015,Barcelona,les Corts,employed population (%),,61.5
2015,Barcelona,les Corts,low-skilled workers (%),,3.7
2015,Barcelona,les Corts,population with low studies (%),.., 
2015,Barcelona,les Corts,young population without post-compulsory education (%),.., 
2015,Barcelona,les Corts,foreign population from low or middle income countries (%),,6.3
2015,Barcelona,les Corts,average income per person (€),,19288
2015,Barcelona,la Maternitat i Sant Ramon,employed population (%),,60.2
2015,Barcelona,la Maternitat i Sant Ramon,low-skilled workers (%),,4.3
2015,Barcelona,la Maternitat i Sant Ramon,population with low studies (%),.., 
2015,Barcelona,la Maternitat i Sant Ramon,young population without post-compulsory education (%),.., 
2015,Barcelona,la Maternitat i Sant Ramon,foreign population from low or middle income countries (%),,7.2
2015,Barcelona,la Maternitat i Sant Ramon,average income per person (€),,17480
2015,Barcelona,Pedralbes,employed population (%),,58.5
2015,Barcelona,Pedralbes,low-skilled workers (%),,2.4
2015,Barcelona,Pedralbes,population with low studies (%),.., 
2015,Barcelona,Pedralbes,young population without post-compulsory education (%),.., 
2015,Barcelona,Pedralbes,foreign population from low or middle income countries (%),,6
2015,Barcelona,Pedralbes,average income per person (€),,26112
2015,Barcelona,"Vallvidrera, el Tibidabo i les Planes",employed population (%),,61.6
2015,Barcelona,"Vallvidrera, el Tibidabo i les Planes",low-skilled workers (%),,5.3
2015,Barcelona,"Vallvidrera, el Tibidabo i les Planes",population with low studies (%),.., 
2015,Barcelona,"Vallvidrera, el Tibidabo i les Planes",young population without post-compulsory education (%),.., 
2015,Barcelona,"Vallvidrera, el Tibidabo i les Planes",foreign population from low or middle income countries (%),,3.7
2015,Barcelona,"Vallvidrera, el Tibidabo i les Planes",average income per person (€),,17521
2015,Barcelona,Sarrià,employed population (%),,61.9
2015,Barcelona,Sarrià,low-skilled workers (%),,2.3
2015,Barcelona,Sarrià,population with low studies (%),.., 
2015,Barcelona,Sarrià,young population without post-compulsory education (%),.., 
2015,Barcelona,Sarrià,foreign population from low or middle income countries (%),,3.6
2015,Barcelona,Sarrià,average income per person (€),,22733
2015,Barcelona,les Tres Torres,employed population (%),,62
2015,Barcelona,les Tres Torres,low-skilled workers (%),,2
2015,Barcelona,les Tres Torres,population with low studies (%),.., 
2015,Barcelona,les Tres Torres,young population without post-compulsory education (%),.., 
2015,Barcelona,les Tres Torres,foreign population from low or middle income countries (%),,3.4
2015,Barcelona,les Tres Torres,average income per person (€),,26872
2015,Barcelona,Sant Gervasi-la Bonanova,employed population (%),,61.1
2015,Barcelona,Sant Gervasi-la Bonanova,low-skilled workers (%),,2.8
2015,Barcelona,Sant Gervasi-la Bonanova,population with low studies (%),.., 
2015,Barcelona,Sant Gervasi-la Bonanova,young population without post-compulsory education (%),.., 
2015,Barcelona,Sant Gervasi-la Bonanova,foreign population from low or middle income countries (%),,5.3
2015,Barcelona,Sant Gervasi-la Bonanova,average income per person (€),,23199
2015,Barcelona,Sant Gervasi-Galvany,employed population (%),,62.7
2015,Barcelona,Sant Gervasi-Galvany,low-skilled workers (%),,2.5
2015,Barcelona,Sant Gervasi-Galvany,population with low studies (%),.., 
2015,Barcelona,Sant Gervasi-Galvany,young population without post-compulsory education (%),.., 
2015,Barcelona,Sant Gervasi-Galvany,foreign population from low or middle income countries (%),,5
2015,Barcelona,Sant Gervasi-Galvany,average income per person (€),,23927
2015,Barcelona,el Putxet i el Farró,employed population (%),,62.3
2015,Barcelona,el Putxet i el Farró,low-skilled workers (%),,3.1
2015,Barcelona,el Putxet i el Farró,population with low studies (%),.., 
2015,Barcelona,el Putxet i el Farró,young population without post-compulsory education (%),.., 
2015,Barcelona,el Putxet i el Farró,foreign population from low or middle income countries (%),,6
2015,Barcelona,el Putxet i el Farró,average income per person (€),,19486
2015,Barcelona,Vallcarca i els Penitents,employed population (%),,63.1
2015,Barcelona,Vallcarca i els Penitents,low-skilled workers (%),,4.8
2015,Barcelona,Vallcarca i els Penitents,population with low studies (%),.., 
2015,Barcelona,Vallcarca i els Penitents,young population without post-compulsory education (%),.., 
2015,Barcelona,Vallcarca i els Penitents,foreign population from low or middle income countries (%),,6.8
2015,Barcelona,Vallcarca i els Penitents,average income per person (€),,17889
2015,Barcelona,el Coll,employed population (%),,61.1
2015,Barcelona,el Coll,low-skilled workers (%),,6.7
2015,Barcelona,el Coll,population with low studies (%),.., 
2015,Barcelona,el Coll,young population without post-compulsory education (%),.., 
2015,Barcelona,el Coll,foreign population from low or middle income countries (%),,8.6
2015,Barcelona,el Coll,average income per person (€),,13668
2015,Barcelona,la Salut,employed population (%),,61.7
2015,Barcelona,la Salut,low-skilled workers (%),,4.7
2015,Barcelona,la Salut,population with low studies (%),.., 
2015,Barcelona,la Salut,young population without post-compulsory education (%),.., 
2015,Barcelona,la Salut,foreign population from low or middle income countries (%),,6.2
2015,Barcelona,la Salut,average income per person (€),,16966
2015,Barcelona,la Vila de Gràcia,employed population (%),,60.3
2015,Barcelona,la Vila de Gràcia,low-skilled workers (%),,5.2
2015,Barcelona,la Vila de Gràcia,population with low studies (%),.., 
2015,Barcelona,la Vila de Gràcia,young population without post-compulsory education (%),.., 
2015,Barcelona,la Vila de Gràcia,foreign population from low or middle income countries (%),,8.1
2015,Barcelona,la Vila de Gràcia,average income per person (€),,15320
2015,Barcelona,el Camp d'en Grassot i Gràcia Nova,employed population (%),,63.4
2015,Barcelona,el Camp d'en Grassot i Gràcia Nova,low-skilled workers (%),,4.4
2015,Barcelona,el Camp d'en Grassot i Gràcia Nova,population with low studies (%),.., 
2015,Barcelona,el Camp d'en Grassot i Gràcia Nova,young population without post-compulsory education (%),.., 
2015,Barcelona,el Camp d'en Grassot i Gràcia Nova,foreign population from low or middle income countries (%),,6.8
2015,Barcelona,el Camp d'en Grassot i Gràcia Nova,average income per person (€),,16770
2015,Barcelona,el Baix Guinardó,employed population (%),,62.7
2015,Barcelona,el Baix Guinardó,low-skilled workers (%),,6
2015,Barcelona,el Baix Guinardó,population with low studies (%),.., 
2015,Barcelona,el Baix Guinardó,young population without post-compulsory education (%),.., 
2015,Barcelona,el Baix Guinardó,foreign population from low or middle income countries (%),,8.6
2015,Barcelona,el Baix Guinardó,average income per person (€),,14811
2015,Barcelona,Can Baró,employed population (%),,60.6
2015,Barcelona,Can Baró,low-skilled workers (%),,9.2
2015,Barcelona,Can Baró,population with low studies (%),.., 
2015,Barcelona,Can Baró,young population without post-compulsory education (%),.., 
2015,Barcelona,Can Baró,foreign population from low or middle income countries (%),,8.9
2015,Barcelona,Can Baró,average income per person (€),,13555
2015,Barcelona,el Guinardó,employed population (%),,62.7
2015,Barcelona,el Guinardó,low-skilled workers (%),,7.6
2015,Barcelona,el Guinardó,population with low studies (%),.., 
2015,Barcelona,el Guinardó,young population without post-compulsory education (%),.., 
2015,Barcelona,el Guinardó,foreign population from low or middle income countries (%),,9.5
2015,Barcelona,el Guinardó,average income per person (€),,14315
2015,Barcelona,la Font d'en Fargues,employed population (%),,65.1
2015,Barcelona,la Font d'en Fargues,low-skilled workers (%),,5.8
2015,Barcelona,la Font d'en Fargues,population with low studies (%),.., 
2015,Barcelona,la Font d'en Fargues,young population without post-compulsory education (%),.., 
2015,Barcelona,la Font d'en Fargues,foreign population from low or middle income countries (%),,3.6
2015,Barcelona,la Font d'en Fargues,average income per person (€),,16715
2015,Barcelona,el Carmel,employed population (%),,60.1
2015,Barcelona,el Carmel,low-skilled workers (%),,15.3
2015,Barcelona,el Carmel,population with low studies (%),.., 
2015,Barcelona,el Carmel,young population without post-compulsory education (%),.., 
2015,Barcelona,el Carmel,foreign population from low or middle income countries (%),,10.4
2015,Barcelona,el Carmel,average income per person (€),,10431
2015,Barcelona,la Teixonera,employed population (%),,61.5
2015,Barcelona,la Teixonera,low-skilled workers (%),,12.4
2015,Barcelona,la Teixonera,population with low studies (%),.., 
2015,Barcelona,la Teixonera,young population without post-compulsory education (%),.., 
2015,Barcelona,la Teixonera,foreign population from low or middle income countries (%),,9.3
2015,Barcelona,la Teixonera,average income per person (€),,11638
2015,Barcelona,Sant Genís dels Agudells,employed population (%),,62.3
2015,Barcelona,Sant Genís dels Agudells,low-skilled workers (%),,10
2015,Barcelona,Sant Genís dels Agudells,population with low studies (%),.., 
2015,Barcelona,Sant Genís dels Agudells,young population without post-compulsory education (%),.., 
2015,Barcelona,Sant Genís dels Agudells,foreign population from low or middle income countries (%),,8.2
2015,Barcelona,Sant Genís dels Agudells,average income per person (€),,12708
2015,Barcelona,Montbau,employed population (%),,63.7
2015,Barcelona,Montbau,low-skilled workers (%),,6.5
2015,Barcelona,Montbau,population with low studies (%),.., 
2015,Barcelona,Montbau,young population without post-compulsory education (%),.., 
2015,Barcelona,Montbau,foreign population from low or middle income countries (%),,7.4
2015,Barcelona,Montbau,average income per person (€),,13836
2015,Barcelona,la Vall d'Hebron,employed population (%),,67
2015,Barcelona,la Vall d'Hebron,low-skilled workers (%),,4.8
2015,Barcelona,la Vall d'Hebron,population with low studies (%),.., 
2015,Barcelona,la Vall d'Hebron,young population without post-compulsory education (%),.., 
2015,Barcelona,la Vall d'Hebron,foreign population from low or middle income countries (%),,5.9
2015,Barcelona,la Vall d'Hebron,average income per person (€),,15552
2015,Barcelona,la Clota,employed population (%),,70.7
2015,Barcelona,la Clota,low-skilled workers (%),,8.7
2015,Barcelona,la Clota,population with low studies (%),.., 
2015,Barcelona,la Clota,young population without post-compulsory education (%),.., 
2015,Barcelona,la Clota,foreign population from low or middle income countries (%),,15.1
2015,Barcelona,la Clota,average income per person (€),,12247
2015,Barcelona,Horta,employed population (%),,62
2015,Barcelona,Horta,low-skilled workers (%),,8.1
2015,Barcelona,Horta,population with low studies (%),.., 
2015,Barcelona,Horta,young population without post-compulsory education (%),.., 
2015,Barcelona,Horta,foreign population from low or middle income countries (%),,7.8
2015,Barcelona,Horta,average income per person (€),,13727
2015,Barcelona,Vilapicina i la Torre Llobeta,employed population (%),,62.2
2015,Barcelona,Vilapicina i la Torre Llobeta,low-skilled workers (%),,9
2015,Barcelona,Vilapicina i la Torre Llobeta,population with low studies (%),.., 
2015,Barcelona,Vilapicina i la Torre Llobeta,young population without post-compulsory education (%),.., 
2015,Barcelona,Vilapicina i la Torre Llobeta,foreign population from low or middle income countries (%),,10.3
2015,Barcelona,Vilapicina i la Torre Llobeta,average income per person (€),,13315
2015,Barcelona,Porta,employed population (%),,61.1
2015,Barcelona,Porta,low-skilled workers (%),,11.6
2015,Barcelona,Porta,population with low studies (%),.., 
2015,Barcelona,Porta,young population without post-compulsory education (%),.., 
2015,Barcelona,Porta,foreign population from low or middle income countries (%),,12
2015,Barcelona,Porta,average income per person (€),,12053
2015,Barcelona,el Turó de la Peira,employed population (%),,56.9
2015,Barcelona,el Turó de la Peira,low-skilled workers (%),,18.5
2015,Barcelona,el Turó de la Peira,population with low studies (%),.., 
2015,Barcelona,el Turó de la Peira,young population without post-compulsory education (%),.., 
2015,Barcelona,el Turó de la Peira,foreign population from low or middle income countries (%),,18.9
2015,Barcelona,el Turó de la Peira,average income per person (€),,9946
2015,Barcelona,Can Peguera,employed population (%),,46
2015,Barcelona,Can Peguera,low-skilled workers (%),,18.8
2015,Barcelona,Can Peguera,population with low studies (%),.., 
2015,Barcelona,Can Peguera,young population without post-compulsory education (%),.., 
2015,Barcelona,Can Peguera,foreign population from low or middle income countries (%),,5.6
2015,Barcelona,Can Peguera,average income per person (€),,9029
2015,Barcelona,la Guineueta,employed population (%),,62.4
2015,Barcelona,la Guineueta,low-skilled workers (%),,8.8
2015,Barcelona,la Guineueta,population with low studies (%),.., 
2015,Barcelona,la Guineueta,young population without post-compulsory education (%),.., 
2015,Barcelona,la Guineueta,foreign population from low or middle income countries (%),,5.8
2015,Barcelona,la Guineueta,average income per person (€),,13425
2015,Barcelona,Canyelles,employed population (%),,59.3
2015,Barcelona,Canyelles,low-skilled workers (%),,14.4
2015,Barcelona,Canyelles,population with low studies (%),.., 
2015,Barcelona,Canyelles,young population without post-compulsory education (%),.., 
2015,Barcelona,Canyelles,foreign population from low or middle income countries (%),,3.4
2015,Barcelona,Canyelles,average income per person (€),,12377
2015,Barcelona,les Roquetes,employed population (%),,53.9
2015,Barcelona,les Roquetes,low-skilled workers (%),,23.2
2015,Barcelona,les Roquetes,population with low studies (%),.., 
2015,Barcelona,les Roquetes,young population without post-compulsory education (%),.., 
2015,Barcelona,les Roquetes,foreign population from low or middle income countries (%),,17.5
2015,Barcelona,les Roquetes,average income per person (€),,9083
2015,Barcelona,Verdun,employed population (%),,56.5
2015,Barcelona,Verdun,low-skilled workers (%),,18.1
2015,Barcelona,Verdun,population with low studies (%),.., 
2015,Barcelona,Verdun,young population without post-compulsory education (%),.., 
2015,Barcelona,Verdun,foreign population from low or middle income countries (%),,15.5
2015,Barcelona,Verdun,average income per person (€),,9893
2015,Barcelona,la Prosperitat,employed population (%),,60.2
2015,Barcelona,la Prosperitat,low-skilled workers (%),,14.7
2015,Barcelona,la Prosperitat,population with low studies (%),.., 
2015,Barcelona,la Prosperitat,young population without post-compulsory education (%),.., 
2015,Barcelona,la Prosperitat,foreign population from low or middle income countries (%),,11.9
2015,Barcelona,la Prosperitat,average income per person (€),,10995
2015,Barcelona,la Trinitat Nova,employed population (%),,48.7
2015,Barcelona,la Trinitat Nova,low-skilled workers (%),,22.9
2015,Barcelona,la Trinitat Nova,population with low studies (%),.., 
2015,Barcelona,la Trinitat Nova,young population without post-compulsory education (%),.., 
2015,Barcelona,la Trinitat Nova,foreign population from low or middle income countries (%),,16.7
2015,Barcelona,la Trinitat Nova,average income per person (€),,8342
2015,Barcelona,Torre Baró,employed population (%),,47.8
2015,Barcelona,Torre Baró,low-skilled workers (%),,24.4
2015,Barcelona,Torre Baró,population with low studies (%),.., 
2015,Barcelona,Torre Baró,young population without post-compulsory education (%),.., 
2015,Barcelona,Torre Baró,foreign population from low or middle income countries (%),,14.2
2015,Barcelona,Torre Baró,average income per person (€),,7706
2015,Barcelona,Ciutat Meridiana,employed population (%),,47.8
2015,Barcelona,Ciutat Meridiana,low-skilled workers (%),,27.7
2015,Barcelona,Ciutat Meridiana,population with low studies (%),.., 
2015,Barcelona,Ciutat Meridiana,young population without post-compulsory education (%),.., 
2015,Barcelona,Ciutat Meridiana,foreign population from low or middle income countries (%),,26.7
2015,Barcelona,Ciutat Meridiana,average income per person (€),,7687
2015,Barcelona,Vallbona,employed population (%),,53.6
2015,Barcelona,Vallbona,low-skilled workers (%),,21.1
2015,Barcelona,Vallbona,population with low studies (%),.., 
2015,Barcelona,Vallbona,young population without post-compulsory education (%),.., 
2015,Barcelona,Vallbona,foreign population from low or middle income countries (%),,10
2015,Barcelona,Vallbona,average income per person (€),,8238
2015,Barcelona,la Trinitat Vella,employed population (%),,51.8
2015,Barcelona,la Trinitat Vella,low-skilled workers (%),,24
2015,Barcelona,la Trinitat Vella,population with low studies (%),.., 
2015,Barcelona,la Trinitat Vella,young population without post-compulsory education (%),.., 
2015,Barcelona,la Trinitat Vella,foreign population from low or middle income countries (%),,26.6
2015,Barcelona,la Trinitat Vella,average income per person (€),,8351
2015,Barcelona,Baró de Viver,employed population (%),,45.7
2015,Barcelona,Baró de Viver,low-skilled workers (%),,22.9
2015,Barcelona,Baró de Viver,population with low studies (%),.., 
2015,Barcelona,Baró de Viver,young population without post-compulsory education (%),.., 
2015,Barcelona,Baró de Viver,foreign population from low or middle income countries (%),,9.6
2015,Barcelona,Baró de Viver,average income per person (€),,8036
2015,Barcelona,el Bon Pastor,employed population (%),,58
2015,Barcelona,el Bon Pastor,low-skilled workers (%),,15
2015,Barcelona,el Bon Pastor,population with low studies (%),.., 
2015,Barcelona,el Bon Pastor,young population without post-compulsory education (%),.., 
2015,Barcelona,el Bon Pastor,foreign population from low or middle income countries (%),,11.2
2015,Barcelona,el Bon Pastor,average income per person (€),,10524
2015,Barcelona,Sant Andreu,employed population (%),,64.9
2015,Barcelona,Sant Andreu,low-skilled workers (%),,6.8
2015,Barcelona,Sant Andreu,population with low studies (%),.., 
2015,Barcelona,Sant Andreu,young population without post-compulsory education (%),.., 
2015,Barcelona,Sant Andreu,foreign population from low or middle income countries (%),,5.6
2015,Barcelona,Sant Andreu,average income per person (€),,14448
2015,Barcelona,la Sagrera,employed population (%),,61.4
2015,Barcelona,la Sagrera,low-skilled workers (%),,8.7
2015,Barcelona,la Sagrera,population with low studies (%),.., 
2015,Barcelona,la Sagrera,young population without post-compulsory education (%),.., 
2015,Barcelona,la Sagrera,foreign population from low or middle income countries (%),,10
2015,Barcelona,la Sagrera,average income per person (€),,13525
2015,Barcelona,el Congrés i els Indians,employed population (%),,63.5
2015,Barcelona,el Congrés i els Indians,low-skilled workers (%),,8.8
2015,Barcelona,el Congrés i els Indians,population with low studies (%),.., 
2015,Barcelona,el Congrés i els Indians,young population without post-compulsory education (%),.., 
2015,Barcelona,el Congrés i els Indians,foreign population from low or middle income countries (%),,10.7
2015,Barcelona,el Congrés i els Indians,average income per person (€),,13497
2015,Barcelona,Navas,employed population (%),,62.3
2015,Barcelona,Navas,low-skilled workers (%),,8.5
2015,Barcelona,Navas,population with low studies (%),.., 
2015,Barcelona,Navas,young population without post-compulsory education (%),.., 
2015,Barcelona,Navas,foreign population from low or middle income countries (%),,10.4
2015,Barcelona,Navas,average income per person (€),,13719
2015,Barcelona,el Camp de l'Arpa del Clot,employed population (%),,61.6
2015,Barcelona,el Camp de l'Arpa del Clot,low-skilled workers (%),,7.3
2015,Barcelona,el Camp de l'Arpa del Clot,population with low studies (%),.., 
2015,Barcelona,el Camp de l'Arpa del Clot,young population without post-compulsory education (%),.., 
2015,Barcelona,el Camp de l'Arpa del Clot,foreign population from low or middle income countries (%),,10.8
2015,Barcelona,el Camp de l'Arpa del Clot,average income per person (€),,14219
2015,Barcelona,el Clot,employed population (%),,62
2015,Barcelona,el Clot,low-skilled workers (%),,7.6
2015,Barcelona,el Clot,population with low studies (%),.., 
2015,Barcelona,el Clot,young population without post-compulsory education (%),.., 
2015,Barcelona,el Clot,foreign population from low or middle income countries (%),,9.5
2015,Barcelona,el Clot,average income per person (€),,13772
2015,Barcelona,el Parc i la Llacuna del Poblenou,employed population (%),,58.5
2015,Barcelona,el Parc i la Llacuna del Poblenou,low-skilled workers (%),,6.1
2015,Barcelona,el Parc i la Llacuna del Poblenou,population with low studies (%),.., 
2015,Barcelona,el Parc i la Llacuna del Poblenou,young population without post-compulsory education (%),.., 
2015,Barcelona,el Parc i la Llacuna del Poblenou,foreign population from low or middle income countries (%),,11.3
2015,Barcelona,el Parc i la Llacuna del Poblenou,average income per person (€),,14470
2015,Barcelona,la Vila Olímpica del Poblenou,employed population (%),,60.5
2015,Barcelona,la Vila Olímpica del Poblenou,low-skilled workers (%),,2.1
2015,Barcelona,la Vila Olímpica del Poblenou,population with low studies (%),.., 
2015,Barcelona,la Vila Olímpica del Poblenou,young population without post-compulsory education (%),.., 
2015,Barcelona,la Vila Olímpica del Poblenou,foreign population from low or middle income countries (%),,5.3
2015,Barcelona,la Vila Olímpica del Poblenou,average income per person (€),,21763
2015,Barcelona,el Poblenou,employed population (%),,64.1
2015,Barcelona,el Poblenou,low-skilled workers (%),,6.1
2015,Barcelona,el Poblenou,population with low studies (%),.., 
2015,Barcelona,el Poblenou,young population without post-compulsory education (%),.., 
2015,Barcelona,el Poblenou,foreign population from low or middle income countries (%),,8.6
2015,Barcelona,el Poblenou,average income per person (€),,14573
2015,Barcelona,Diagonal Mar i el Front Marítim del Poblenou,employed population (%),,64.8
2015,Barcelona,Diagonal Mar i el Front Marítim del Poblenou,low-skilled workers (%),,3.8
2015,Barcelona,Diagonal Mar i el Front Marítim del Poblenou,population with low studies (%),.., 
2015,Barcelona,Diagonal Mar i el Front Marítim del Poblenou,young population without post-compulsory education (%),.., 
2015,Barcelona,Diagonal Mar i el Front Marítim del Poblenou,foreign population from low or middle income countries (%),,8.4
2015,Barcelona,Diagonal Mar i el Front Marítim del Poblenou,average income per person (€),,16591
2015,Barcelona,el Besòs i el Maresme,employed population (%),,52.3
2015,Barcelona,el Besòs i el Maresme,low-skilled workers (%),,19.6
2015,Barcelona,el Besòs i el Maresme,population with low studies (%),.., 
2015,Barcelona,el Besòs i el Maresme,young population without post-compulsory education (%),.., 
2015,Barcelona,el Besòs i el Maresme,foreign population from low or middle income countries (%),,22.4
2015,Barcelona,el Besòs i el Maresme,average income per person (€),,9190
2015,Barcelona,Provençals del Poblenou,employed population (%),,62.5
2015,Barcelona,Provençals del Poblenou,low-skilled workers (%),,8.5
2015,Barcelona,Provençals del Poblenou,population with low studies (%),.., 
2015,Barcelona,Provençals del Poblenou,young population without post-compulsory education (%),.., 
2015,Barcelona,Provençals del Poblenou,foreign population from low or middle income countries (%),,8.8
2015,Barcelona,Provençals del Poblenou,average income per person (€),,13138
2015,Barcelona,Sant Martí de Provençals,employed population (%),,61.4
2015,Barcelona,Sant Martí de Provençals,low-skilled workers (%),,9.3
2015,Barcelona,Sant Martí de Provençals,population with low studies (%),.., 
2015,Barcelona,Sant Martí de Provençals,young population without post-compulsory education (%),.., 
2015,Barcelona,Sant Martí de Provençals,foreign population from low or middle income countries (%),,8.5
2015,Barcelona,Sant Martí de Provençals,average income per person (€),,12857
2015,Barcelona,la Verneda i la Pau,employed population (%),,59
2015,Barcelona,la Verneda i la Pau,low-skilled workers (%),,12.1
2015,Barcelona,la Verneda i la Pau,population with low studies (%),.., 
2015,Barcelona,la Verneda i la Pau,young population without post-compulsory education (%),.., 
2015,Barcelona,la Verneda i la Pau,foreign population from low or middle income countries (%),,9
2015,Barcelona,la Verneda i la Pau,average income per person (€),,11699
2015,Barcelona,total,employed population (%),,59.8
2015,Barcelona,total,low-skilled workers (%),,8.4
2015,Barcelona,total,population with low studies (%),.., 
2015,Barcelona,total,young population without post-compulsory education (%),.., 
2015,Barcelona,total,foreign population from low or middle income countries (%),,11
2015,Barcelona,total,average income per person (€),,14946
2016,Barcelona,el Raval,employed population (%),,52.3
2016,Barcelona,el Raval,low-skilled workers (%),,17.2
2016,Barcelona,el Raval,population with low studies (%),.., 
2016,Barcelona,el Raval,young population without post-compulsory education (%),.., 
2016,Barcelona,el Raval,foreign population from low or middle income countries (%),,38.7
2016,Barcelona,el Raval,average income per person (€),,8540
2016,Barcelona,el Barri Gòtic,employed population (%),,48.4
2016,Barcelona,el Barri Gòtic,low-skilled workers (%),,9.2
2016,Barcelona,el Barri Gòtic,population with low studies (%),.., 
2016,Barcelona,el Barri Gòtic,young population without post-compulsory education (%),.., 
2016,Barcelona,el Barri Gòtic,foreign population from low or middle income countries (%),,20.5
2016,Barcelona,el Barri Gòtic,average income per person (€),,11488
2016,Barcelona,la Barceloneta,employed population (%),,52.2
2016,Barcelona,la Barceloneta,low-skilled workers (%),,11.2
2016,Barcelona,la Barceloneta,population with low studies (%),.., 
2016,Barcelona,la Barceloneta,young population without post-compulsory education (%),.., 
2016,Barcelona,la Barceloneta,foreign population from low or middle income countries (%),,15.7
2016,Barcelona,la Barceloneta,average income per person (€),,11167
2016,Barcelona,"Sant Pere, Santa Caterina i la Ribera",employed population (%),,52.6
2016,Barcelona,"Sant Pere, Santa Caterina i la Ribera",low-skilled workers (%),,9.2
2016,Barcelona,"Sant Pere, Santa Caterina i la Ribera",population with low studies (%),.., 
2016,Barcelona,"Sant Pere, Santa Caterina i la Ribera",young population without post-compulsory education (%),.., 
2016,Barcelona,"Sant Pere, Santa Caterina i la Ribera",foreign population from low or middle income countries (%),,18.5
2016,Barcelona,"Sant Pere, Santa Caterina i la Ribera",average income per person (€),,12020
2016,Barcelona,el Fort Pienc,employed population (%),,61.3
2016,Barcelona,el Fort Pienc,low-skilled workers (%),,5.6
2016,Barcelona,el Fort Pienc,population with low studies (%),.., 
2016,Barcelona,el Fort Pienc,young population without post-compulsory education (%),.., 
2016,Barcelona,el Fort Pienc,foreign population from low or middle income countries (%),,11.7
2016,Barcelona,el Fort Pienc,average income per person (€),,15862
2016,Barcelona,la Sagrada Família,employed population (%),,62.4
2016,Barcelona,la Sagrada Família,low-skilled workers (%),,5.9
2016,Barcelona,la Sagrada Família,population with low studies (%),.., 
2016,Barcelona,la Sagrada Família,young population without post-compulsory education (%),.., 
2016,Barcelona,la Sagrada Família,foreign population from low or middle income countries (%),,11.6
2016,Barcelona,la Sagrada Família,average income per person (€),,15655
2016,Barcelona,la Dreta de l'Eixample,employed population (%),,60.6
2016,Barcelona,la Dreta de l'Eixample,low-skilled workers (%),,3.2
2016,Barcelona,la Dreta de l'Eixample,population with low studies (%),.., 
2016,Barcelona,la Dreta de l'Eixample,young population without post-compulsory education (%),.., 
2016,Barcelona,la Dreta de l'Eixample,foreign population from low or middle income countries (%),,8.4
2016,Barcelona,la Dreta de l'Eixample,average income per person (€),,20516
2016,Barcelona,l'Antiga Esquerra de l'Eixample,employed population (%),,61.3
2016,Barcelona,l'Antiga Esquerra de l'Eixample,low-skilled workers (%),,4.2
2016,Barcelona,l'Antiga Esquerra de l'Eixample,population with low studies (%),.., 
2016,Barcelona,l'Antiga Esquerra de l'Eixample,young population without post-compulsory education (%),.., 
2016,Barcelona,l'Antiga Esquerra de l'Eixample,foreign population from low or middle income countries (%),,10
2016,Barcelona,l'Antiga Esquerra de l'Eixample,average income per person (€),,18541
2016,Barcelona,la Nova Esquerra de l'Eixample,employed population (%),,61.8
2016,Barcelona,la Nova Esquerra de l'Eixample,low-skilled workers (%),,4.9
2016,Barcelona,la Nova Esquerra de l'Eixample,population with low studies (%),.., 
2016,Barcelona,la Nova Esquerra de l'Eixample,young population without post-compulsory education (%),.., 
2016,Barcelona,la Nova Esquerra de l'Eixample,foreign population from low or middle income countries (%),,10.5
2016,Barcelona,la Nova Esquerra de l'Eixample,average income per person (€),,17344
2016,Barcelona,Sant Antoni,employed population (%),,62.2
2016,Barcelona,Sant Antoni,low-skilled workers (%),,6.4
2016,Barcelona,Sant Antoni,population with low studies (%),.., 
2016,Barcelona,Sant Antoni,young population without post-compulsory education (%),.., 
2016,Barcelona,Sant Antoni,foreign population from low or middle income countries (%),,12.5
2016,Barcelona,Sant Antoni,average income per person (€),,15545
2016,Barcelona,el Poble Sec,employed population (%),,58.1
2016,Barcelona,el Poble Sec,low-skilled workers (%),,12.5
2016,Barcelona,el Poble Sec,population with low studies (%),.., 
2016,Barcelona,el Poble Sec,young population without post-compulsory education (%),.., 
2016,Barcelona,el Poble Sec,foreign population from low or middle income countries (%),,20.9
2016,Barcelona,el Poble Sec,average income per person (€),,11196
2016,Barcelona,la Marina del Prat Vermell,employed population (%),,47.3
2016,Barcelona,la Marina del Prat Vermell,low-skilled workers (%),,20.8
2016,Barcelona,la Marina del Prat Vermell,population with low studies (%),.., 
2016,Barcelona,la Marina del Prat Vermell,young population without post-compulsory education (%),.., 
2016,Barcelona,la Marina del Prat Vermell,foreign population from low or middle income countries (%),,6.6
2016,Barcelona,la Marina del Prat Vermell,average income per person (€),,9411
2016,Barcelona,la Marina de Port,employed population (%),,61
2016,Barcelona,la Marina de Port,low-skilled workers (%),,13.4
2016,Barcelona,la Marina de Port,population with low studies (%),.., 
2016,Barcelona,la Marina de Port,young population without post-compulsory education (%),.., 
2016,Barcelona,la Marina de Port,foreign population from low or middle income countries (%),,11.5
2016,Barcelona,la Marina de Port,average income per person (€),,11823
2016,Barcelona,la Font de la Guatlla,employed population (%),,60.1
2016,Barcelona,la Font de la Guatlla,low-skilled workers (%),,7.9
2016,Barcelona,la Font de la Guatlla,population with low studies (%),.., 
2016,Barcelona,la Font de la Guatlla,young population without post-compulsory education (%),.., 
2016,Barcelona,la Font de la Guatlla,foreign population from low or middle income countries (%),,12.3
2016,Barcelona,la Font de la Guatlla,average income per person (€),,14150
2016,Barcelona,Hostafrancs,employed population (%),,60.1
2016,Barcelona,Hostafrancs,low-skilled workers (%),,8.4
2016,Barcelona,Hostafrancs,population with low studies (%),.., 
2016,Barcelona,Hostafrancs,young population without post-compulsory education (%),.., 
2016,Barcelona,Hostafrancs,foreign population from low or middle income countries (%),,15
2016,Barcelona,Hostafrancs,average income per person (€),,13611
2016,Barcelona,la Bordeta,employed population (%),,62.7
2016,Barcelona,la Bordeta,low-skilled workers (%),,8.2
2016,Barcelona,la Bordeta,population with low studies (%),.., 
2016,Barcelona,la Bordeta,young population without post-compulsory education (%),.., 
2016,Barcelona,la Bordeta,foreign population from low or middle income countries (%),,9.8
2016,Barcelona,la Bordeta,average income per person (€),,13748
2016,Barcelona,Sants-Badal,employed population (%),,62
2016,Barcelona,Sants-Badal,low-skilled workers (%),,9.3
2016,Barcelona,Sants-Badal,population with low studies (%),.., 
2016,Barcelona,Sants-Badal,young population without post-compulsory education (%),.., 
2016,Barcelona,Sants-Badal,foreign population from low or middle income countries (%),,13.3
2016,Barcelona,Sants-Badal,average income per person (€),,13435
2016,Barcelona,Sants,employed population (%),,62.7
2016,Barcelona,Sants,low-skilled workers (%),,7.3
2016,Barcelona,Sants,population with low studies (%),.., 
2016,Barcelona,Sants,young population without post-compulsory education (%),.., 
2016,Barcelona,Sants,foreign population from low or middle income countries (%),,11.8
2016,Barcelona,Sants,average income per person (€),,14943
2016,Barcelona,les Corts,employed population (%),,63.4
2016,Barcelona,les Corts,low-skilled workers (%),,3.6
2016,Barcelona,les Corts,population with low studies (%),.., 
2016,Barcelona,les Corts,young population without post-compulsory education (%),.., 
2016,Barcelona,les Corts,foreign population from low or middle income countries (%),,6.3
2016,Barcelona,les Corts,average income per person (€),,19946
2016,Barcelona,la Maternitat i Sant Ramon,employed population (%),,62.1
2016,Barcelona,la Maternitat i Sant Ramon,low-skilled workers (%),,4.3
2016,Barcelona,la Maternitat i Sant Ramon,population with low studies (%),.., 
2016,Barcelona,la Maternitat i Sant Ramon,young population without post-compulsory education (%),.., 
2016,Barcelona,la Maternitat i Sant Ramon,foreign population from low or middle income countries (%),,7.3
2016,Barcelona,la Maternitat i Sant Ramon,average income per person (€),,18117
2016,Barcelona,Pedralbes,employed population (%),,58.7
2016,Barcelona,Pedralbes,low-skilled workers (%),,2.3
2016,Barcelona,Pedralbes,population with low studies (%),.., 
2016,Barcelona,Pedralbes,young population without post-compulsory education (%),.., 
2016,Barcelona,Pedralbes,foreign population from low or middle income countries (%),,6.5
2016,Barcelona,Pedralbes,average income per person (€),,26927
2016,Barcelona,"Vallvidrera, el Tibidabo i les Planes",employed population (%),,62.8
2016,Barcelona,"Vallvidrera, el Tibidabo i les Planes",low-skilled workers (%),,5.3
2016,Barcelona,"Vallvidrera, el Tibidabo i les Planes",population with low studies (%),.., 
2016,Barcelona,"Vallvidrera, el Tibidabo i les Planes",young population without post-compulsory education (%),.., 
2016,Barcelona,"Vallvidrera, el Tibidabo i les Planes",foreign population from low or middle income countries (%),,3.7
2016,Barcelona,"Vallvidrera, el Tibidabo i les Planes",average income per person (€),,18892
2016,Barcelona,Sarrià,employed population (%),,63.4
2016,Barcelona,Sarrià,low-skilled workers (%),,2.3
2016,Barcelona,Sarrià,population with low studies (%),.., 
2016,Barcelona,Sarrià,young population without post-compulsory education (%),.., 
2016,Barcelona,Sarrià,foreign population from low or middle income countries (%),,3.9
2016,Barcelona,Sarrià,average income per person (€),,23101
2016,Barcelona,les Tres Torres,employed population (%),,64.3
2016,Barcelona,les Tres Torres,low-skilled workers (%),,2
2016,Barcelona,les Tres Torres,population with low studies (%),.., 
2016,Barcelona,les Tres Torres,young population without post-compulsory education (%),.., 
2016,Barcelona,les Tres Torres,foreign population from low or middle income countries (%),,3.3
2016,Barcelona,les Tres Torres,average income per person (€),,27700
2016,Barcelona,Sant Gervasi-la Bonanova,employed population (%),,62.4
2016,Barcelona,Sant Gervasi-la Bonanova,low-skilled workers (%),,2.5
2016,Barcelona,Sant Gervasi-la Bonanova,population with low studies (%),.., 
2016,Barcelona,Sant Gervasi-la Bonanova,young population without post-compulsory education (%),.., 
2016,Barcelona,Sant Gervasi-la Bonanova,foreign population from low or middle income countries (%),,5.8
2016,Barcelona,Sant Gervasi-la Bonanova,average income per person (€),,23873
2016,Barcelona,Sant Gervasi-Galvany,employed population (%),,63.7
2016,Barcelona,Sant Gervasi-Galvany,low-skilled workers (%),,2.5
2016,Barcelona,Sant Gervasi-Galvany,population with low studies (%),.., 
2016,Barcelona,Sant Gervasi-Galvany,young population without post-compulsory education (%),.., 
2016,Barcelona,Sant Gervasi-Galvany,foreign population from low or middle income countries (%),,5
2016,Barcelona,Sant Gervasi-Galvany,average income per person (€),,24474
2016,Barcelona,el Putxet i el Farró,employed population (%),,64.3
2016,Barcelona,el Putxet i el Farró,low-skilled workers (%),,2.9
2016,Barcelona,el Putxet i el Farró,population with low studies (%),.., 
2016,Barcelona,el Putxet i el Farró,young population without post-compulsory education (%),.., 
2016,Barcelona,el Putxet i el Farró,foreign population from low or middle income countries (%),,6
2016,Barcelona,el Putxet i el Farró,average income per person (€),,20213
2016,Barcelona,Vallcarca i els Penitents,employed population (%),,65.2
2016,Barcelona,Vallcarca i els Penitents,low-skilled workers (%),,4.9
2016,Barcelona,Vallcarca i els Penitents,population with low studies (%),.., 
2016,Barcelona,Vallcarca i els Penitents,young population without post-compulsory education (%),.., 
2016,Barcelona,Vallcarca i els Penitents,foreign population from low or middle income countries (%),,6.9
2016,Barcelona,Vallcarca i els Penitents,average income per person (€),,18017
2016,Barcelona,el Coll,employed population (%),,63.2
2016,Barcelona,el Coll,low-skilled workers (%),,7
2016,Barcelona,el Coll,population with low studies (%),.., 
2016,Barcelona,el Coll,young population without post-compulsory education (%),.., 
2016,Barcelona,el Coll,foreign population from low or middle income countries (%),,8.6
2016,Barcelona,el Coll,average income per person (€),,13877
2016,Barcelona,la Salut,employed population (%),,63.9
2016,Barcelona,la Salut,low-skilled workers (%),,4.7
2016,Barcelona,la Salut,population with low studies (%),.., 
2016,Barcelona,la Salut,young population without post-compulsory education (%),.., 
2016,Barcelona,la Salut,foreign population from low or middle income countries (%),,6.3
2016,Barcelona,la Salut,average income per person (€),,17176
2016,Barcelona,la Vila de Gràcia,employed population (%),,61.9
2016,Barcelona,la Vila de Gràcia,low-skilled workers (%),,4.6
2016,Barcelona,la Vila de Gràcia,population with low studies (%),.., 
2016,Barcelona,la Vila de Gràcia,young population without post-compulsory education (%),.., 
2016,Barcelona,la Vila de Gràcia,foreign population from low or middle income countries (%),,8.3
2016,Barcelona,la Vila de Gràcia,average income per person (€),,15745
2016,Barcelona,el Camp d'en Grassot i Gràcia Nova,employed population (%),,64.6
2016,Barcelona,el Camp d'en Grassot i Gràcia Nova,low-skilled workers (%),,4.4
2016,Barcelona,el Camp d'en Grassot i Gràcia Nova,population with low studies (%),.., 
2016,Barcelona,el Camp d'en Grassot i Gràcia Nova,young population without post-compulsory education (%),.., 
2016,Barcelona,el Camp d'en Grassot i Gràcia Nova,foreign population from low or middle income countries (%),,6.9
2016,Barcelona,el Camp d'en Grassot i Gràcia Nova,average income per person (€),,17224
2016,Barcelona,el Baix Guinardó,employed population (%),,64.2
2016,Barcelona,el Baix Guinardó,low-skilled workers (%),,5.9
2016,Barcelona,el Baix Guinardó,population with low studies (%),.., 
2016,Barcelona,el Baix Guinardó,young population without post-compulsory education (%),.., 
2016,Barcelona,el Baix Guinardó,foreign population from low or middle income countries (%),,8.7
2016,Barcelona,el Baix Guinardó,average income per person (€),,15055
2016,Barcelona,Can Baró,employed population (%),,62.3
2016,Barcelona,Can Baró,low-skilled workers (%),,8.9
2016,Barcelona,Can Baró,population with low studies (%),.., 
2016,Barcelona,Can Baró,young population without post-compulsory education (%),.., 
2016,Barcelona,Can Baró,foreign population from low or middle income countries (%),,8.8
2016,Barcelona,Can Baró,average income per person (€),,13763
2016,Barcelona,el Guinardó,employed population (%),,64.3
2016,Barcelona,el Guinardó,low-skilled workers (%),,7.6
2016,Barcelona,el Guinardó,population with low studies (%),.., 
2016,Barcelona,el Guinardó,young population without post-compulsory education (%),.., 
2016,Barcelona,el Guinardó,foreign population from low or middle income countries (%),,9.6
2016,Barcelona,el Guinardó,average income per person (€),,14641
2016,Barcelona,la Font d'en Fargues,employed population (%),,66.7
2016,Barcelona,la Font d'en Fargues,low-skilled workers (%),,5.2
2016,Barcelona,la Font d'en Fargues,population with low studies (%),.., 
2016,Barcelona,la Font d'en Fargues,young population without post-compulsory education (%),.., 
2016,Barcelona,la Font d'en Fargues,foreign population from low or middle income countries (%),,3.3
2016,Barcelona,la Font d'en Fargues,average income per person (€),,17476
2016,Barcelona,el Carmel,employed population (%),,62.3
2016,Barcelona,el Carmel,low-skilled workers (%),,15.2
2016,Barcelona,el Carmel,population with low studies (%),.., 
2016,Barcelona,el Carmel,young population without post-compulsory education (%),.., 
2016,Barcelona,el Carmel,foreign population from low or middle income countries (%),,10.6
2016,Barcelona,el Carmel,average income per person (€),,10725
2016,Barcelona,la Teixonera,employed population (%),,64.3
2016,Barcelona,la Teixonera,low-skilled workers (%),,11.8
2016,Barcelona,la Teixonera,population with low studies (%),.., 
2016,Barcelona,la Teixonera,young population without post-compulsory education (%),.., 
2016,Barcelona,la Teixonera,foreign population from low or middle income countries (%),,9.4
2016,Barcelona,la Teixonera,average income per person (€),,11930
2016,Barcelona,Sant Genís dels Agudells,employed population (%),,64.2
2016,Barcelona,Sant Genís dels Agudells,low-skilled workers (%),,10.2
2016,Barcelona,Sant Genís dels Agudells,population with low studies (%),.., 
2016,Barcelona,Sant Genís dels Agudells,young population without post-compulsory education (%),.., 
2016,Barcelona,Sant Genís dels Agudells,foreign population from low or middle income countries (%),,8.6
2016,Barcelona,Sant Genís dels Agudells,average income per person (€),,12578
2016,Barcelona,Montbau,employed population (%),,64.5
2016,Barcelona,Montbau,low-skilled workers (%),,6.3
2016,Barcelona,Montbau,population with low studies (%),.., 
2016,Barcelona,Montbau,young population without post-compulsory education (%),.., 
2016,Barcelona,Montbau,foreign population from low or middle income countries (%),,7.1
2016,Barcelona,Montbau,average income per person (€),,13880
2016,Barcelona,la Vall d'Hebron,employed population (%),,68.1
2016,Barcelona,la Vall d'Hebron,low-skilled workers (%),,4.6
2016,Barcelona,la Vall d'Hebron,population with low studies (%),.., 
2016,Barcelona,la Vall d'Hebron,young population without post-compulsory education (%),.., 
2016,Barcelona,la Vall d'Hebron,foreign population from low or middle income countries (%),,5.9
2016,Barcelona,la Vall d'Hebron,average income per person (€),,16261
2016,Barcelona,la Clota,employed population (%),,71.4
2016,Barcelona,la Clota,low-skilled workers (%),,8.7
2016,Barcelona,la Clota,population with low studies (%),.., 
2016,Barcelona,la Clota,young population without post-compulsory education (%),.., 
2016,Barcelona,la Clota,foreign population from low or middle income countries (%),,11.3
2016,Barcelona,la Clota,average income per person (€),,13651
2016,Barcelona,Horta,employed population (%),,63.5
2016,Barcelona,Horta,low-skilled workers (%),,8.1
2016,Barcelona,Horta,population with low studies (%),.., 
2016,Barcelona,Horta,young population without post-compulsory education (%),.., 
2016,Barcelona,Horta,foreign population from low or middle income countries (%),,8.1
2016,Barcelona,Horta,average income per person (€),,14078
2016,Barcelona,Vilapicina i la Torre Llobeta,employed population (%),,63.6
2016,Barcelona,Vilapicina i la Torre Llobeta,low-skilled workers (%),,9.3
2016,Barcelona,Vilapicina i la Torre Llobeta,population with low studies (%),.., 
2016,Barcelona,Vilapicina i la Torre Llobeta,young population without post-compulsory education (%),.., 
2016,Barcelona,Vilapicina i la Torre Llobeta,foreign population from low or middle income countries (%),,10.6
2016,Barcelona,Vilapicina i la Torre Llobeta,average income per person (€),,13587
2016,Barcelona,Porta,employed population (%),,62.5
2016,Barcelona,Porta,low-skilled workers (%),,11.5
2016,Barcelona,Porta,population with low studies (%),.., 
2016,Barcelona,Porta,young population without post-compulsory education (%),.., 
2016,Barcelona,Porta,foreign population from low or middle income countries (%),,12.1
2016,Barcelona,Porta,average income per person (€),,12268
2016,Barcelona,el Turó de la Peira,employed population (%),,58.8
2016,Barcelona,el Turó de la Peira,low-skilled workers (%),,18.4
2016,Barcelona,el Turó de la Peira,population with low studies (%),.., 
2016,Barcelona,el Turó de la Peira,young population without post-compulsory education (%),.., 
2016,Barcelona,el Turó de la Peira,foreign population from low or middle income countries (%),,18.8
2016,Barcelona,el Turó de la Peira,average income per person (€),,10183
2016,Barcelona,Can Peguera,employed population (%),,49.4
2016,Barcelona,Can Peguera,low-skilled workers (%),,20.7
2016,Barcelona,Can Peguera,population with low studies (%),.., 
2016,Barcelona,Can Peguera,young population without post-compulsory education (%),.., 
2016,Barcelona,Can Peguera,foreign population from low or middle income countries (%),,5.6
2016,Barcelona,Can Peguera,average income per person (€),,9433
2016,Barcelona,la Guineueta,employed population (%),,64.9
2016,Barcelona,la Guineueta,low-skilled workers (%),,9
2016,Barcelona,la Guineueta,population with low studies (%),.., 
2016,Barcelona,la Guineueta,young population without post-compulsory education (%),.., 
2016,Barcelona,la Guineueta,foreign population from low or middle income countries (%),,6
2016,Barcelona,la Guineueta,average income per person (€),,13628
2016,Barcelona,Canyelles,employed population (%),,61.5
2016,Barcelona,Canyelles,low-skilled workers (%),,13.9
2016,Barcelona,Canyelles,population with low studies (%),.., 
2016,Barcelona,Canyelles,young population without post-compulsory education (%),.., 
2016,Barcelona,Canyelles,foreign population from low or middle income countries (%),,3.8
2016,Barcelona,Canyelles,average income per person (€),,12760
2016,Barcelona,les Roquetes,employed population (%),,56
2016,Barcelona,les Roquetes,low-skilled workers (%),,22.9
2016,Barcelona,les Roquetes,population with low studies (%),.., 
2016,Barcelona,les Roquetes,young population without post-compulsory education (%),.., 
2016,Barcelona,les Roquetes,foreign population from low or middle income countries (%),,17.9
2016,Barcelona,les Roquetes,average income per person (€),,9307
2016,Barcelona,Verdun,employed population (%),,58.4
2016,Barcelona,Verdun,low-skilled workers (%),,17.4
2016,Barcelona,Verdun,population with low studies (%),.., 
2016,Barcelona,Verdun,young population without post-compulsory education (%),.., 
2016,Barcelona,Verdun,foreign population from low or middle income countries (%),,16.1
2016,Barcelona,Verdun,average income per person (€),,10074
2016,Barcelona,la Prosperitat,employed population (%),,62.4
2016,Barcelona,la Prosperitat,low-skilled workers (%),,14.5
2016,Barcelona,la Prosperitat,population with low studies (%),.., 
2016,Barcelona,la Prosperitat,young population without post-compulsory education (%),.., 
2016,Barcelona,la Prosperitat,foreign population from low or middle income countries (%),,12.3
2016,Barcelona,la Prosperitat,average income per person (€),,11126
2016,Barcelona,la Trinitat Nova,employed population (%),,51.8
2016,Barcelona,la Trinitat Nova,low-skilled workers (%),,23.6
2016,Barcelona,la Trinitat Nova,population with low studies (%),.., 
2016,Barcelona,la Trinitat Nova,young population without post-compulsory education (%),.., 
2016,Barcelona,la Trinitat Nova,foreign population from low or middle income countries (%),,16.5
2016,Barcelona,la Trinitat Nova,average income per person (€),,8669
2016,Barcelona,Torre Baró,employed population (%),,49.7
2016,Barcelona,Torre Baró,low-skilled workers (%),,24.6
2016,Barcelona,Torre Baró,population with low studies (%),.., 
2016,Barcelona,Torre Baró,young population without post-compulsory education (%),.., 
2016,Barcelona,Torre Baró,foreign population from low or middle income countries (%),,14.3
2016,Barcelona,Torre Baró,average income per person (€),,7854
2016,Barcelona,Ciutat Meridiana,employed population (%),,50.5
2016,Barcelona,Ciutat Meridiana,low-skilled workers (%),,27.3
2016,Barcelona,Ciutat Meridiana,population with low studies (%),.., 
2016,Barcelona,Ciutat Meridiana,young population without post-compulsory education (%),.., 
2016,Barcelona,Ciutat Meridiana,foreign population from low or middle income countries (%),,26.1
2016,Barcelona,Ciutat Meridiana,average income per person (€),,7688
2016,Barcelona,Vallbona,employed population (%),,53.8
2016,Barcelona,Vallbona,low-skilled workers (%),,21.6
2016,Barcelona,Vallbona,population with low studies (%),.., 
2016,Barcelona,Vallbona,young population without post-compulsory education (%),.., 
2016,Barcelona,Vallbona,foreign population from low or middle income countries (%),,9.9
2016,Barcelona,Vallbona,average income per person (€),,8445
2016,Barcelona,la Trinitat Vella,employed population (%),,53.6
2016,Barcelona,la Trinitat Vella,low-skilled workers (%),,23.2
2016,Barcelona,la Trinitat Vella,population with low studies (%),.., 
2016,Barcelona,la Trinitat Vella,young population without post-compulsory education (%),.., 
2016,Barcelona,la Trinitat Vella,foreign population from low or middle income countries (%),,26.4
2016,Barcelona,la Trinitat Vella,average income per person (€),,8642
2016,Barcelona,Baró de Viver,employed population (%),,47.6
2016,Barcelona,Baró de Viver,low-skilled workers (%),,24.2
2016,Barcelona,Baró de Viver,population with low studies (%),.., 
2016,Barcelona,Baró de Viver,young population without post-compulsory education (%),.., 
2016,Barcelona,Baró de Viver,foreign population from low or middle income countries (%),,9.8
2016,Barcelona,Baró de Viver,average income per person (€),,8507
2016,Barcelona,el Bon Pastor,employed population (%),,59.1
2016,Barcelona,el Bon Pastor,low-skilled workers (%),,15
2016,Barcelona,el Bon Pastor,population with low studies (%),.., 
2016,Barcelona,el Bon Pastor,young population without post-compulsory education (%),.., 
2016,Barcelona,el Bon Pastor,foreign population from low or middle income countries (%),,11.3
2016,Barcelona,el Bon Pastor,average income per person (€),,10887
2016,Barcelona,Sant Andreu,employed population (%),,66.6
2016,Barcelona,Sant Andreu,low-skilled workers (%),,6.7
2016,Barcelona,Sant Andreu,population with low studies (%),.., 
2016,Barcelona,Sant Andreu,young population without post-compulsory education (%),.., 
2016,Barcelona,Sant Andreu,foreign population from low or middle income countries (%),,5.5
2016,Barcelona,Sant Andreu,average income per person (€),,14752
2016,Barcelona,la Sagrera,employed population (%),,64
2016,Barcelona,la Sagrera,low-skilled workers (%),,8.6
2016,Barcelona,la Sagrera,population with low studies (%),.., 
2016,Barcelona,la Sagrera,young population without post-compulsory education (%),.., 
2016,Barcelona,la Sagrera,foreign population from low or middle income countries (%),,9.5
2016,Barcelona,la Sagrera,average income per person (€),,13875
2016,Barcelona,el Congrés i els Indians,employed population (%),,65.3
2016,Barcelona,el Congrés i els Indians,low-skilled workers (%),,8.3
2016,Barcelona,el Congrés i els Indians,population with low studies (%),.., 
2016,Barcelona,el Congrés i els Indians,young population without post-compulsory education (%),.., 
2016,Barcelona,el Congrés i els Indians,foreign population from low or middle income countries (%),,10.6
2016,Barcelona,el Congrés i els Indians,average income per person (€),,13761
2016,Barcelona,Navas,employed population (%),,64.4
2016,Barcelona,Navas,low-skilled workers (%),,8.6
2016,Barcelona,Navas,population with low studies (%),.., 
2016,Barcelona,Navas,young population without post-compulsory education (%),.., 
2016,Barcelona,Navas,foreign population from low or middle income countries (%),,10.7
2016,Barcelona,Navas,average income per person (€),,14136
2016,Barcelona,el Camp de l'Arpa del Clot,employed population (%),,63.5
2016,Barcelona,el Camp de l'Arpa del Clot,low-skilled workers (%),,7.1
2016,Barcelona,el Camp de l'Arpa del Clot,population with low studies (%),.., 
2016,Barcelona,el Camp de l'Arpa del Clot,young population without post-compulsory education (%),.., 
2016,Barcelona,el Camp de l'Arpa del Clot,foreign population from low or middle income countries (%),,10.7
2016,Barcelona,el Camp de l'Arpa del Clot,average income per person (€),,14607
2016,Barcelona,el Clot,employed population (%),,63.6
2016,Barcelona,el Clot,low-skilled workers (%),,7.2
2016,Barcelona,el Clot,population with low studies (%),.., 
2016,Barcelona,el Clot,young population without post-compulsory education (%),.., 
2016,Barcelona,el Clot,foreign population from low or middle income countries (%),,9.6
2016,Barcelona,el Clot,average income per person (€),,14223
2016,Barcelona,el Parc i la Llacuna del Poblenou,employed population (%),,60.6
2016,Barcelona,el Parc i la Llacuna del Poblenou,low-skilled workers (%),,5.7
2016,Barcelona,el Parc i la Llacuna del Poblenou,population with low studies (%),.., 
2016,Barcelona,el Parc i la Llacuna del Poblenou,young population without post-compulsory education (%),.., 
2016,Barcelona,el Parc i la Llacuna del Poblenou,foreign population from low or middle income countries (%),,11.5
2016,Barcelona,el Parc i la Llacuna del Poblenou,average income per person (€),,14836
2016,Barcelona,la Vila Olímpica del Poblenou,employed population (%),,62.4
2016,Barcelona,la Vila Olímpica del Poblenou,low-skilled workers (%),,2
2016,Barcelona,la Vila Olímpica del Poblenou,population with low studies (%),.., 
2016,Barcelona,la Vila Olímpica del Poblenou,young population without post-compulsory education (%),.., 
2016,Barcelona,la Vila Olímpica del Poblenou,foreign population from low or middle income countries (%),,5.1
2016,Barcelona,la Vila Olímpica del Poblenou,average income per person (€),,21910
2016,Barcelona,el Poblenou,employed population (%),,65.7
2016,Barcelona,el Poblenou,low-skilled workers (%),,5.9
2016,Barcelona,el Poblenou,population with low studies (%),.., 
2016,Barcelona,el Poblenou,young population without post-compulsory education (%),.., 
2016,Barcelona,el Poblenou,foreign population from low or middle income countries (%),,8.4
2016,Barcelona,el Poblenou,average income per person (€),,14923
2016,Barcelona,Diagonal Mar i el Front Marítim del Poblenou,employed population (%),,66.5
2016,Barcelona,Diagonal Mar i el Front Marítim del Poblenou,low-skilled workers (%),,3.8
2016,Barcelona,Diagonal Mar i el Front Marítim del Poblenou,population with low studies (%),.., 
2016,Barcelona,Diagonal Mar i el Front Marítim del Poblenou,young population without post-compulsory education (%),.., 
2016,Barcelona,Diagonal Mar i el Front Marítim del Poblenou,foreign population from low or middle income countries (%),,8.6
2016,Barcelona,Diagonal Mar i el Front Marítim del Poblenou,average income per person (€),,17096
2016,Barcelona,el Besòs i el Maresme,employed population (%),,53.9
2016,Barcelona,el Besòs i el Maresme,low-skilled workers (%),,19
2016,Barcelona,el Besòs i el Maresme,population with low studies (%),.., 
2016,Barcelona,el Besòs i el Maresme,young population without post-compulsory education (%),.., 
2016,Barcelona,el Besòs i el Maresme,foreign population from low or middle income countries (%),,22.6
2016,Barcelona,el Besòs i el Maresme,average income per person (€),,9443
2016,Barcelona,Provençals del Poblenou,employed population (%),,63.7
2016,Barcelona,Provençals del Poblenou,low-skilled workers (%),,8.5
2016,Barcelona,Provençals del Poblenou,population with low studies (%),.., 
2016,Barcelona,Provençals del Poblenou,young population without post-compulsory education (%),.., 
2016,Barcelona,Provençals del Poblenou,foreign population from low or middle income countries (%),,9.2
2016,Barcelona,Provençals del Poblenou,average income per person (€),,13709
2016,Barcelona,Sant Martí de Provençals,employed population (%),,63.2
2016,Barcelona,Sant Martí de Provençals,low-skilled workers (%),,9.1
2016,Barcelona,Sant Martí de Provençals,population with low studies (%),.., 
2016,Barcelona,Sant Martí de Provençals,young population without post-compulsory education (%),.., 
2016,Barcelona,Sant Martí de Provençals,foreign population from low or middle income countries (%),,8.7
2016,Barcelona,Sant Martí de Provençals,average income per person (€),,13138
2016,Barcelona,la Verneda i la Pau,employed population (%),,60.8
2016,Barcelona,la Verneda i la Pau,low-skilled workers (%),,12.3
2016,Barcelona,la Verneda i la Pau,population with low studies (%),.., 
2016,Barcelona,la Verneda i la Pau,young population without post-compulsory education (%),.., 
2016,Barcelona,la Verneda i la Pau,foreign population from low or middle income countries (%),,9.1
2016,Barcelona,la Verneda i la Pau,average income per person (€),,12001
2016,Barcelona,total,employed population (%),,61.5
2016,Barcelona,total,low-skilled workers (%),,8.2
2016,Barcelona,total,population with low studies (%),.., 
2016,Barcelona,total,young population without post-compulsory education (%),.., 
2016,Barcelona,total,foreign population from low or middle income countries (%),,11.1
2016,Barcelona,total,average income per person (€),,15389
2017,Barcelona,el Raval,employed population (%),,54.2
2017,Barcelona,el Raval,low-skilled workers (%),,16
2017,Barcelona,el Raval,population with low studies (%),.., 
2017,Barcelona,el Raval,young population without post-compulsory education (%),.., 
2017,Barcelona,el Raval,foreign population from low or middle income countries (%),,39.2
2017,Barcelona,el Raval,average income per person (€),,9001
2017,Barcelona,el Barri Gòtic,employed population (%),,50.1
2017,Barcelona,el Barri Gòtic,low-skilled workers (%),,9.3
2017,Barcelona,el Barri Gòtic,population with low studies (%),.., 
2017,Barcelona,el Barri Gòtic,young population without post-compulsory education (%),.., 
2017,Barcelona,el Barri Gòtic,foreign population from low or middle income countries (%),,23
2017,Barcelona,el Barri Gòtic,average income per person (€),,11979
2017,Barcelona,la Barceloneta,employed population (%),,54.4
2017,Barcelona,la Barceloneta,low-skilled workers (%),,11.2
2017,Barcelona,la Barceloneta,population with low studies (%),.., 
2017,Barcelona,la Barceloneta,young population without post-compulsory education (%),.., 
2017,Barcelona,la Barceloneta,foreign population from low or middle income countries (%),,16.8
2017,Barcelona,la Barceloneta,average income per person (€),,11549
2017,Barcelona,"Sant Pere, Santa Caterina i la Ribera",employed population (%),,54.7
2017,Barcelona,"Sant Pere, Santa Caterina i la Ribera",low-skilled workers (%),,9
2017,Barcelona,"Sant Pere, Santa Caterina i la Ribera",population with low studies (%),.., 
2017,Barcelona,"Sant Pere, Santa Caterina i la Ribera",young population without post-compulsory education (%),.., 
2017,Barcelona,"Sant Pere, Santa Caterina i la Ribera",foreign population from low or middle income countries (%),,19.7
2017,Barcelona,"Sant Pere, Santa Caterina i la Ribera",average income per person (€),,12657
2017,Barcelona,el Fort Pienc,employed population (%),,62.4
2017,Barcelona,el Fort Pienc,low-skilled workers (%),,5.7
2017,Barcelona,el Fort Pienc,population with low studies (%),.., 
2017,Barcelona,el Fort Pienc,young population without post-compulsory education (%),.., 
2017,Barcelona,el Fort Pienc,foreign population from low or middle income countries (%),,13
2017,Barcelona,el Fort Pienc,average income per person (€),,16376
2017,Barcelona,la Sagrada Família,employed population (%),,63.8
2017,Barcelona,la Sagrada Família,low-skilled workers (%),,5.9
2017,Barcelona,la Sagrada Família,population with low studies (%),.., 
2017,Barcelona,la Sagrada Família,young population without post-compulsory education (%),.., 
2017,Barcelona,la Sagrada Família,foreign population from low or middle income countries (%),,12.6
2017,Barcelona,la Sagrada Família,average income per person (€),,15980
2017,Barcelona,la Dreta de l'Eixample,employed population (%),,61.2
2017,Barcelona,la Dreta de l'Eixample,low-skilled workers (%),,3.1
2017,Barcelona,la Dreta de l'Eixample,population with low studies (%),.., 
2017,Barcelona,la Dreta de l'Eixample,young population without post-compulsory education (%),.., 
2017,Barcelona,la Dreta de l'Eixample,foreign population from low or middle income countries (%),,9.2
2017,Barcelona,la Dreta de l'Eixample,average income per person (€),,20945
2017,Barcelona,l'Antiga Esquerra de l'Eixample,employed population (%),,62
2017,Barcelona,l'Antiga Esquerra de l'Eixample,low-skilled workers (%),,3.9
2017,Barcelona,l'Antiga Esquerra de l'Eixample,population with low studies (%),.., 
2017,Barcelona,l'Antiga Esquerra de l'Eixample,young population without post-compulsory education (%),.., 
2017,Barcelona,l'Antiga Esquerra de l'Eixample,foreign population from low or middle income countries (%),,11
2017,Barcelona,l'Antiga Esquerra de l'Eixample,average income per person (€),,19231
2017,Barcelona,la Nova Esquerra de l'Eixample,employed population (%),,63.3
2017,Barcelona,la Nova Esquerra de l'Eixample,low-skilled workers (%),,4.9
2017,Barcelona,la Nova Esquerra de l'Eixample,population with low studies (%),.., 
2017,Barcelona,la Nova Esquerra de l'Eixample,young population without post-compulsory education (%),.., 
2017,Barcelona,la Nova Esquerra de l'Eixample,foreign population from low or middle income countries (%),,11.4
2017,Barcelona,la Nova Esquerra de l'Eixample,average income per person (€),,17850
2017,Barcelona,Sant Antoni,employed population (%),,63.5
2017,Barcelona,Sant Antoni,low-skilled workers (%),,6.4
2017,Barcelona,Sant Antoni,population with low studies (%),.., 
2017,Barcelona,Sant Antoni,young population without post-compulsory education (%),.., 
2017,Barcelona,Sant Antoni,foreign population from low or middle income countries (%),,13.1
2017,Barcelona,Sant Antoni,average income per person (€),,15997
2017,Barcelona,el Poble Sec,employed population (%),,59.9
2017,Barcelona,el Poble Sec,low-skilled workers (%),,12
2017,Barcelona,el Poble Sec,population with low studies (%),.., 
2017,Barcelona,el Poble Sec,young population without post-compulsory education (%),.., 
2017,Barcelona,el Poble Sec,foreign population from low or middle income countries (%),,21.5
2017,Barcelona,el Poble Sec,average income per person (€),,11622
2017,Barcelona,la Marina del Prat Vermell,employed population (%),,47.9
2017,Barcelona,la Marina del Prat Vermell,low-skilled workers (%),,20.7
2017,Barcelona,la Marina del Prat Vermell,population with low studies (%),.., 
2017,Barcelona,la Marina del Prat Vermell,young population without post-compulsory education (%),.., 
2017,Barcelona,la Marina del Prat Vermell,foreign population from low or middle income countries (%),,7.5
2017,Barcelona,la Marina del Prat Vermell,average income per person (€),,9917
2017,Barcelona,la Marina de Port,employed population (%),,62.4
2017,Barcelona,la Marina de Port,low-skilled workers (%),,13.5
2017,Barcelona,la Marina de Port,population with low studies (%),.., 
2017,Barcelona,la Marina de Port,young population without post-compulsory education (%),.., 
2017,Barcelona,la Marina de Port,foreign population from low or middle income countries (%),,12.2
2017,Barcelona,la Marina de Port,average income per person (€),,12021
2017,Barcelona,la Font de la Guatlla,employed population (%),,61.2
2017,Barcelona,la Font de la Guatlla,low-skilled workers (%),,7.9
2017,Barcelona,la Font de la Guatlla,population with low studies (%),.., 
2017,Barcelona,la Font de la Guatlla,young population without post-compulsory education (%),.., 
2017,Barcelona,la Font de la Guatlla,foreign population from low or middle income countries (%),,13
2017,Barcelona,la Font de la Guatlla,average income per person (€),,14685
2017,Barcelona,Hostafrancs,employed population (%),,62.1
2017,Barcelona,Hostafrancs,low-skilled workers (%),,8.6
2017,Barcelona,Hostafrancs,population with low studies (%),.., 
2017,Barcelona,Hostafrancs,young population without post-compulsory education (%),.., 
2017,Barcelona,Hostafrancs,foreign population from low or middle income countries (%),,15.8
2017,Barcelona,Hostafrancs,average income per person (€),,13960
2017,Barcelona,la Bordeta,employed population (%),,64.6
2017,Barcelona,la Bordeta,low-skilled workers (%),,7.7
2017,Barcelona,la Bordeta,population with low studies (%),.., 
2017,Barcelona,la Bordeta,young population without post-compulsory education (%),.., 
2017,Barcelona,la Bordeta,foreign population from low or middle income countries (%),,10.3
2017,Barcelona,la Bordeta,average income per person (€),,14157
2017,Barcelona,Sants-Badal,employed population (%),,63.8
2017,Barcelona,Sants-Badal,low-skilled workers (%),,9.5
2017,Barcelona,Sants-Badal,population with low studies (%),.., 
2017,Barcelona,Sants-Badal,young population without post-compulsory education (%),.., 
2017,Barcelona,Sants-Badal,foreign population from low or middle income countries (%),,14
2017,Barcelona,Sants-Badal,average income per person (€),,13717
2017,Barcelona,Sants,employed population (%),,64.1
2017,Barcelona,Sants,low-skilled workers (%),,7.1
2017,Barcelona,Sants,population with low studies (%),.., 
2017,Barcelona,Sants,young population without post-compulsory education (%),.., 
2017,Barcelona,Sants,foreign population from low or middle income countries (%),,12.1
2017,Barcelona,Sants,average income per person (€),,15292
2017,Barcelona,les Corts,employed population (%),,64.7
2017,Barcelona,les Corts,low-skilled workers (%),,3.6
2017,Barcelona,les Corts,population with low studies (%),.., 
2017,Barcelona,les Corts,young population without post-compulsory education (%),.., 
2017,Barcelona,les Corts,foreign population from low or middle income countries (%),,6.8
2017,Barcelona,les Corts,average income per person (€),,20293
2017,Barcelona,la Maternitat i Sant Ramon,employed population (%),,63.6
2017,Barcelona,la Maternitat i Sant Ramon,low-skilled workers (%),,4
2017,Barcelona,la Maternitat i Sant Ramon,population with low studies (%),.., 
2017,Barcelona,la Maternitat i Sant Ramon,young population without post-compulsory education (%),.., 
2017,Barcelona,la Maternitat i Sant Ramon,foreign population from low or middle income countries (%),,7.9
2017,Barcelona,la Maternitat i Sant Ramon,average income per person (€),,18396
2017,Barcelona,Pedralbes,employed population (%),,59
2017,Barcelona,Pedralbes,low-skilled workers (%),,2.5
2017,Barcelona,Pedralbes,population with low studies (%),.., 
2017,Barcelona,Pedralbes,young population without post-compulsory education (%),.., 
2017,Barcelona,Pedralbes,foreign population from low or middle income countries (%),,7.7
2017,Barcelona,Pedralbes,average income per person (€),,27105
2017,Barcelona,"Vallvidrera, el Tibidabo i les Planes",employed population (%),,63.3
2017,Barcelona,"Vallvidrera, el Tibidabo i les Planes",low-skilled workers (%),,5.3
2017,Barcelona,"Vallvidrera, el Tibidabo i les Planes",population with low studies (%),.., 
2017,Barcelona,"Vallvidrera, el Tibidabo i les Planes",young population without post-compulsory education (%),.., 
2017,Barcelona,"Vallvidrera, el Tibidabo i les Planes",foreign population from low or middle income countries (%),,4.2
2017,Barcelona,"Vallvidrera, el Tibidabo i les Planes",average income per person (€),,18681
2017,Barcelona,Sarrià,employed population (%),,64.7
2017,Barcelona,Sarrià,low-skilled workers (%),,2.4
2017,Barcelona,Sarrià,population with low studies (%),.., 
2017,Barcelona,Sarrià,young population without post-compulsory education (%),.., 
2017,Barcelona,Sarrià,foreign population from low or middle income countries (%),,4.3
2017,Barcelona,Sarrià,average income per person (€),,24240
2017,Barcelona,les Tres Torres,employed population (%),,65.2
2017,Barcelona,les Tres Torres,low-skilled workers (%),,2.1
2017,Barcelona,les Tres Torres,population with low studies (%),.., 
2017,Barcelona,les Tres Torres,young population without post-compulsory education (%),.., 
2017,Barcelona,les Tres Torres,foreign population from low or middle income countries (%),,3.6
2017,Barcelona,les Tres Torres,average income per person (€),,28410
2017,Barcelona,Sant Gervasi-la Bonanova,employed population (%),,63.9
2017,Barcelona,Sant Gervasi-la Bonanova,low-skilled workers (%),,2.7
2017,Barcelona,Sant Gervasi-la Bonanova,population with low studies (%),.., 
2017,Barcelona,Sant Gervasi-la Bonanova,young population without post-compulsory education (%),.., 
2017,Barcelona,Sant Gervasi-la Bonanova,foreign population from low or middle income countries (%),,6.3
2017,Barcelona,Sant Gervasi-la Bonanova,average income per person (€),,25101
2017,Barcelona,Sant Gervasi-Galvany,employed population (%),,64.7
2017,Barcelona,Sant Gervasi-Galvany,low-skilled workers (%),,2.5
2017,Barcelona,Sant Gervasi-Galvany,population with low studies (%),.., 
2017,Barcelona,Sant Gervasi-Galvany,young population without post-compulsory education (%),.., 
2017,Barcelona,Sant Gervasi-Galvany,foreign population from low or middle income countries (%),,5.5
2017,Barcelona,Sant Gervasi-Galvany,average income per person (€),,25505
2017,Barcelona,el Putxet i el Farró,employed population (%),,65.8
2017,Barcelona,el Putxet i el Farró,low-skilled workers (%),,2.9
2017,Barcelona,el Putxet i el Farró,population with low studies (%),.., 
2017,Barcelona,el Putxet i el Farró,young population without post-compulsory education (%),.., 
2017,Barcelona,el Putxet i el Farró,foreign population from low or middle income countries (%),,6.3
2017,Barcelona,el Putxet i el Farró,average income per person (€),,20811
2017,Barcelona,Vallcarca i els Penitents,employed population (%),,66.6
2017,Barcelona,Vallcarca i els Penitents,low-skilled workers (%),,4.9
2017,Barcelona,Vallcarca i els Penitents,population with low studies (%),.., 
2017,Barcelona,Vallcarca i els Penitents,young population without post-compulsory education (%),.., 
2017,Barcelona,Vallcarca i els Penitents,foreign population from low or middle income countries (%),,7.4
2017,Barcelona,Vallcarca i els Penitents,average income per person (€),,18095
2017,Barcelona,el Coll,employed population (%),,65.8
2017,Barcelona,el Coll,low-skilled workers (%),,7.3
2017,Barcelona,el Coll,population with low studies (%),.., 
2017,Barcelona,el Coll,young population without post-compulsory education (%),.., 
2017,Barcelona,el Coll,foreign population from low or middle income countries (%),,8.9
2017,Barcelona,el Coll,average income per person (€),,14331
2017,Barcelona,la Salut,employed population (%),,65.7
2017,Barcelona,la Salut,low-skilled workers (%),,4.6
2017,Barcelona,la Salut,population with low studies (%),.., 
2017,Barcelona,la Salut,young population without post-compulsory education (%),.., 
2017,Barcelona,la Salut,foreign population from low or middle income countries (%),,7
2017,Barcelona,la Salut,average income per person (€),,17804
2017,Barcelona,la Vila de Gràcia,employed population (%),,63.5
2017,Barcelona,la Vila de Gràcia,low-skilled workers (%),,4.5
2017,Barcelona,la Vila de Gràcia,population with low studies (%),.., 
2017,Barcelona,la Vila de Gràcia,young population without post-compulsory education (%),.., 
2017,Barcelona,la Vila de Gràcia,foreign population from low or middle income countries (%),,8.7
2017,Barcelona,la Vila de Gràcia,average income per person (€),,16297
2017,Barcelona,el Camp d'en Grassot i Gràcia Nova,employed population (%),,66.3
2017,Barcelona,el Camp d'en Grassot i Gràcia Nova,low-skilled workers (%),,4.3
2017,Barcelona,el Camp d'en Grassot i Gràcia Nova,population with low studies (%),.., 
2017,Barcelona,el Camp d'en Grassot i Gràcia Nova,young population without post-compulsory education (%),.., 
2017,Barcelona,el Camp d'en Grassot i Gràcia Nova,foreign population from low or middle income countries (%),,7.4
2017,Barcelona,el Camp d'en Grassot i Gràcia Nova,average income per person (€),,17574
2017,Barcelona,el Baix Guinardó,employed population (%),,65.3
2017,Barcelona,el Baix Guinardó,low-skilled workers (%),,5.8
2017,Barcelona,el Baix Guinardó,population with low studies (%),.., 
2017,Barcelona,el Baix Guinardó,young population without post-compulsory education (%),.., 
2017,Barcelona,el Baix Guinardó,foreign population from low or middle income countries (%),,9
2017,Barcelona,el Baix Guinardó,average income per person (€),,15253
2017,Barcelona,Can Baró,employed population (%),,64.2
2017,Barcelona,Can Baró,low-skilled workers (%),,8.7
2017,Barcelona,Can Baró,population with low studies (%),.., 
2017,Barcelona,Can Baró,young population without post-compulsory education (%),.., 
2017,Barcelona,Can Baró,foreign population from low or middle income countries (%),,9.1
2017,Barcelona,Can Baró,average income per person (€),,14127
2017,Barcelona,el Guinardó,employed population (%),,66
2017,Barcelona,el Guinardó,low-skilled workers (%),,7.5
2017,Barcelona,el Guinardó,population with low studies (%),.., 
2017,Barcelona,el Guinardó,young population without post-compulsory education (%),.., 
2017,Barcelona,el Guinardó,foreign population from low or middle income countries (%),,10
2017,Barcelona,el Guinardó,average income per person (€),,14870
2017,Barcelona,la Font d'en Fargues,employed population (%),,69
2017,Barcelona,la Font d'en Fargues,low-skilled workers (%),,5
2017,Barcelona,la Font d'en Fargues,population with low studies (%),.., 
2017,Barcelona,la Font d'en Fargues,young population without post-compulsory education (%),.., 
2017,Barcelona,la Font d'en Fargues,foreign population from low or middle income countries (%),,3.6
2017,Barcelona,la Font d'en Fargues,average income per person (€),,17530
2017,Barcelona,el Carmel,employed population (%),,64.3
2017,Barcelona,el Carmel,low-skilled workers (%),,14.4
2017,Barcelona,el Carmel,population with low studies (%),.., 
2017,Barcelona,el Carmel,young population without post-compulsory education (%),.., 
2017,Barcelona,el Carmel,foreign population from low or middle income countries (%),,11.5
2017,Barcelona,el Carmel,average income per person (€),,10943
2017,Barcelona,la Teixonera,employed population (%),,65
2017,Barcelona,la Teixonera,low-skilled workers (%),,11.5
2017,Barcelona,la Teixonera,population with low studies (%),.., 
2017,Barcelona,la Teixonera,young population without post-compulsory education (%),.., 
2017,Barcelona,la Teixonera,foreign population from low or middle income countries (%),,10.9
2017,Barcelona,la Teixonera,average income per person (€),,12190
2017,Barcelona,Sant Genís dels Agudells,employed population (%),,65.2
2017,Barcelona,Sant Genís dels Agudells,low-skilled workers (%),,10.5
2017,Barcelona,Sant Genís dels Agudells,population with low studies (%),.., 
2017,Barcelona,Sant Genís dels Agudells,young population without post-compulsory education (%),.., 
2017,Barcelona,Sant Genís dels Agudells,foreign population from low or middle income countries (%),,10.1
2017,Barcelona,Sant Genís dels Agudells,average income per person (€),,13112
2017,Barcelona,Montbau,employed population (%),,64.7
2017,Barcelona,Montbau,low-skilled workers (%),,6.4
2017,Barcelona,Montbau,population with low studies (%),.., 
2017,Barcelona,Montbau,young population without post-compulsory education (%),.., 
2017,Barcelona,Montbau,foreign population from low or middle income countries (%),,8.2
2017,Barcelona,Montbau,average income per person (€),,14019
2017,Barcelona,la Vall d'Hebron,employed population (%),,68.6
2017,Barcelona,la Vall d'Hebron,low-skilled workers (%),,4.3
2017,Barcelona,la Vall d'Hebron,population with low studies (%),.., 
2017,Barcelona,la Vall d'Hebron,young population without post-compulsory education (%),.., 
2017,Barcelona,la Vall d'Hebron,foreign population from low or middle income countries (%),,6.7
2017,Barcelona,la Vall d'Hebron,average income per person (€),,16526
2017,Barcelona,la Clota,employed population (%),,72.2
2017,Barcelona,la Clota,low-skilled workers (%),,9.7
2017,Barcelona,la Clota,population with low studies (%),.., 
2017,Barcelona,la Clota,young population without post-compulsory education (%),.., 
2017,Barcelona,la Clota,foreign population from low or middle income countries (%),,8.7
2017,Barcelona,la Clota,average income per person (€),,13146
2017,Barcelona,Horta,employed population (%),,65.2
2017,Barcelona,Horta,low-skilled workers (%),,8.6
2017,Barcelona,Horta,population with low studies (%),.., 
2017,Barcelona,Horta,young population without post-compulsory education (%),.., 
2017,Barcelona,Horta,foreign population from low or middle income countries (%),,8.7
2017,Barcelona,Horta,average income per person (€),,14468
2017,Barcelona,Vilapicina i la Torre Llobeta,employed population (%),,65.5
2017,Barcelona,Vilapicina i la Torre Llobeta,low-skilled workers (%),,9.3
2017,Barcelona,Vilapicina i la Torre Llobeta,population with low studies (%),.., 
2017,Barcelona,Vilapicina i la Torre Llobeta,young population without post-compulsory education (%),.., 
2017,Barcelona,Vilapicina i la Torre Llobeta,foreign population from low or middle income countries (%),,11.2
2017,Barcelona,Vilapicina i la Torre Llobeta,average income per person (€),,13726
2017,Barcelona,Porta,employed population (%),,63.7
2017,Barcelona,Porta,low-skilled workers (%),,11.6
2017,Barcelona,Porta,population with low studies (%),.., 
2017,Barcelona,Porta,young population without post-compulsory education (%),.., 
2017,Barcelona,Porta,foreign population from low or middle income countries (%),,13.4
2017,Barcelona,Porta,average income per person (€),,12376
2017,Barcelona,el Turó de la Peira,employed population (%),,60.7
2017,Barcelona,el Turó de la Peira,low-skilled workers (%),,18.1
2017,Barcelona,el Turó de la Peira,population with low studies (%),.., 
2017,Barcelona,el Turó de la Peira,young population without post-compulsory education (%),.., 
2017,Barcelona,el Turó de la Peira,foreign population from low or middle income countries (%),,19.6
2017,Barcelona,el Turó de la Peira,average income per person (€),,10272
2017,Barcelona,Can Peguera,employed population (%),,52.7
2017,Barcelona,Can Peguera,low-skilled workers (%),,19.6
2017,Barcelona,Can Peguera,population with low studies (%),.., 
2017,Barcelona,Can Peguera,young population without post-compulsory education (%),.., 
2017,Barcelona,Can Peguera,foreign population from low or middle income countries (%),,6.2
2017,Barcelona,Can Peguera,average income per person (€),,9596
2017,Barcelona,la Guineueta,employed population (%),,66
2017,Barcelona,la Guineueta,low-skilled workers (%),,9
2017,Barcelona,la Guineueta,population with low studies (%),.., 
2017,Barcelona,la Guineueta,young population without post-compulsory education (%),.., 
2017,Barcelona,la Guineueta,foreign population from low or middle income countries (%),,6.6
2017,Barcelona,la Guineueta,average income per person (€),,13922
2017,Barcelona,Canyelles,employed population (%),,63.8
2017,Barcelona,Canyelles,low-skilled workers (%),,14.5
2017,Barcelona,Canyelles,population with low studies (%),.., 
2017,Barcelona,Canyelles,young population without post-compulsory education (%),.., 
2017,Barcelona,Canyelles,foreign population from low or middle income countries (%),,3.8
2017,Barcelona,Canyelles,average income per person (€),,12788
2017,Barcelona,les Roquetes,employed population (%),,58.2
2017,Barcelona,les Roquetes,low-skilled workers (%),,22.7
2017,Barcelona,les Roquetes,population with low studies (%),.., 
2017,Barcelona,les Roquetes,young population without post-compulsory education (%),.., 
2017,Barcelona,les Roquetes,foreign population from low or middle income countries (%),,18.9
2017,Barcelona,les Roquetes,average income per person (€),,9528
2017,Barcelona,Verdun,employed population (%),,60.4
2017,Barcelona,Verdun,low-skilled workers (%),,17.3
2017,Barcelona,Verdun,population with low studies (%),.., 
2017,Barcelona,Verdun,young population without post-compulsory education (%),.., 
2017,Barcelona,Verdun,foreign population from low or middle income countries (%),,17
2017,Barcelona,Verdun,average income per person (€),,10226
2017,Barcelona,la Prosperitat,employed population (%),,64
2017,Barcelona,la Prosperitat,low-skilled workers (%),,14.4
2017,Barcelona,la Prosperitat,population with low studies (%),.., 
2017,Barcelona,la Prosperitat,young population without post-compulsory education (%),.., 
2017,Barcelona,la Prosperitat,foreign population from low or middle income countries (%),,13.4
2017,Barcelona,la Prosperitat,average income per person (€),,11315
2017,Barcelona,la Trinitat Nova,employed population (%),,54.7
2017,Barcelona,la Trinitat Nova,low-skilled workers (%),,22.4
2017,Barcelona,la Trinitat Nova,population with low studies (%),.., 
2017,Barcelona,la Trinitat Nova,young population without post-compulsory education (%),.., 
2017,Barcelona,la Trinitat Nova,foreign population from low or middle income countries (%),,17.6
2017,Barcelona,la Trinitat Nova,average income per person (€),,8903
2017,Barcelona,Torre Baró,employed population (%),,51.9
2017,Barcelona,Torre Baró,low-skilled workers (%),,24.3
2017,Barcelona,Torre Baró,population with low studies (%),.., 
2017,Barcelona,Torre Baró,young population without post-compulsory education (%),.., 
2017,Barcelona,Torre Baró,foreign population from low or middle income countries (%),,15.6
2017,Barcelona,Torre Baró,average income per person (€),,8141
2017,Barcelona,Ciutat Meridiana,employed population (%),,52.9
2017,Barcelona,Ciutat Meridiana,low-skilled workers (%),,26.9
2017,Barcelona,Ciutat Meridiana,population with low studies (%),.., 
2017,Barcelona,Ciutat Meridiana,young population without post-compulsory education (%),.., 
2017,Barcelona,Ciutat Meridiana,foreign population from low or middle income countries (%),,27.3
2017,Barcelona,Ciutat Meridiana,average income per person (€),,7770
2017,Barcelona,Vallbona,employed population (%),,54.9
2017,Barcelona,Vallbona,low-skilled workers (%),,21.2
2017,Barcelona,Vallbona,population with low studies (%),.., 
2017,Barcelona,Vallbona,young population without post-compulsory education (%),.., 
2017,Barcelona,Vallbona,foreign population from low or middle income countries (%),,10.5
2017,Barcelona,Vallbona,average income per person (€),,8556
2017,Barcelona,la Trinitat Vella,employed population (%),,56.7
2017,Barcelona,la Trinitat Vella,low-skilled workers (%),,22.8
2017,Barcelona,la Trinitat Vella,population with low studies (%),.., 
2017,Barcelona,la Trinitat Vella,young population without post-compulsory education (%),.., 
2017,Barcelona,la Trinitat Vella,foreign population from low or middle income countries (%),,26.5
2017,Barcelona,la Trinitat Vella,average income per person (€),,8795
2017,Barcelona,Baró de Viver,employed population (%),,51.2
2017,Barcelona,Baró de Viver,low-skilled workers (%),,24.5
2017,Barcelona,Baró de Viver,population with low studies (%),.., 
2017,Barcelona,Baró de Viver,young population without post-compulsory education (%),.., 
2017,Barcelona,Baró de Viver,foreign population from low or middle income countries (%),,10.7
2017,Barcelona,Baró de Viver,average income per person (€),,8665
2017,Barcelona,el Bon Pastor,employed population (%),,61.2
2017,Barcelona,el Bon Pastor,low-skilled workers (%),,15.1
2017,Barcelona,el Bon Pastor,population with low studies (%),.., 
2017,Barcelona,el Bon Pastor,young population without post-compulsory education (%),.., 
2017,Barcelona,el Bon Pastor,foreign population from low or middle income countries (%),,11.8
2017,Barcelona,el Bon Pastor,average income per person (€),,11140
2017,Barcelona,Sant Andreu,employed population (%),,68.3
2017,Barcelona,Sant Andreu,low-skilled workers (%),,6.6
2017,Barcelona,Sant Andreu,population with low studies (%),.., 
2017,Barcelona,Sant Andreu,young population without post-compulsory education (%),.., 
2017,Barcelona,Sant Andreu,foreign population from low or middle income countries (%),,6
2017,Barcelona,Sant Andreu,average income per person (€),,14985
2017,Barcelona,la Sagrera,employed population (%),,65.8
2017,Barcelona,la Sagrera,low-skilled workers (%),,8.8
2017,Barcelona,la Sagrera,population with low studies (%),.., 
2017,Barcelona,la Sagrera,young population without post-compulsory education (%),.., 
2017,Barcelona,la Sagrera,foreign population from low or middle income countries (%),,10.1
2017,Barcelona,la Sagrera,average income per person (€),,14149
2017,Barcelona,el Congrés i els Indians,employed population (%),,66.4
2017,Barcelona,el Congrés i els Indians,low-skilled workers (%),,8.5
2017,Barcelona,el Congrés i els Indians,population with low studies (%),.., 
2017,Barcelona,el Congrés i els Indians,young population without post-compulsory education (%),.., 
2017,Barcelona,el Congrés i els Indians,foreign population from low or middle income countries (%),,10.8
2017,Barcelona,el Congrés i els Indians,average income per person (€),,14032
2017,Barcelona,Navas,employed population (%),,66.1
2017,Barcelona,Navas,low-skilled workers (%),,8.6
2017,Barcelona,Navas,population with low studies (%),.., 
2017,Barcelona,Navas,young population without post-compulsory education (%),.., 
2017,Barcelona,Navas,foreign population from low or middle income countries (%),,11.2
2017,Barcelona,Navas,average income per person (€),,14373
2017,Barcelona,el Camp de l'Arpa del Clot,employed population (%),,65
2017,Barcelona,el Camp de l'Arpa del Clot,low-skilled workers (%),,6.9
2017,Barcelona,el Camp de l'Arpa del Clot,population with low studies (%),.., 
2017,Barcelona,el Camp de l'Arpa del Clot,young population without post-compulsory education (%),.., 
2017,Barcelona,el Camp de l'Arpa del Clot,foreign population from low or middle income countries (%),,11.4
2017,Barcelona,el Camp de l'Arpa del Clot,average income per person (€),,14871
2017,Barcelona,el Clot,employed population (%),,65.3
2017,Barcelona,el Clot,low-skilled workers (%),,7.2
2017,Barcelona,el Clot,population with low studies (%),.., 
2017,Barcelona,el Clot,young population without post-compulsory education (%),.., 
2017,Barcelona,el Clot,foreign population from low or middle income countries (%),,10.1
2017,Barcelona,el Clot,average income per person (€),,14433
2017,Barcelona,el Parc i la Llacuna del Poblenou,employed population (%),,61.6
2017,Barcelona,el Parc i la Llacuna del Poblenou,low-skilled workers (%),,5.5
2017,Barcelona,el Parc i la Llacuna del Poblenou,population with low studies (%),.., 
2017,Barcelona,el Parc i la Llacuna del Poblenou,young population without post-compulsory education (%),.., 
2017,Barcelona,el Parc i la Llacuna del Poblenou,foreign population from low or middle income countries (%),,12.2
2017,Barcelona,el Parc i la Llacuna del Poblenou,average income per person (€),,15252
2017,Barcelona,la Vila Olímpica del Poblenou,employed population (%),,63.8
2017,Barcelona,la Vila Olímpica del Poblenou,low-skilled workers (%),,1.9
2017,Barcelona,la Vila Olímpica del Poblenou,population with low studies (%),.., 
2017,Barcelona,la Vila Olímpica del Poblenou,young population without post-compulsory education (%),.., 
2017,Barcelona,la Vila Olímpica del Poblenou,foreign population from low or middle income countries (%),,5.9
2017,Barcelona,la Vila Olímpica del Poblenou,average income per person (€),,22242
2017,Barcelona,el Poblenou,employed population (%),,67.1
2017,Barcelona,el Poblenou,low-skilled workers (%),,5.6
2017,Barcelona,el Poblenou,population with low studies (%),.., 
2017,Barcelona,el Poblenou,young population without post-compulsory education (%),.., 
2017,Barcelona,el Poblenou,foreign population from low or middle income countries (%),,8.7
2017,Barcelona,el Poblenou,average income per person (€),,15416
2017,Barcelona,Diagonal Mar i el Front Marítim del Poblenou,employed population (%),,66.6
2017,Barcelona,Diagonal Mar i el Front Marítim del Poblenou,low-skilled workers (%),,3.7
2017,Barcelona,Diagonal Mar i el Front Marítim del Poblenou,population with low studies (%),.., 
2017,Barcelona,Diagonal Mar i el Front Marítim del Poblenou,young population without post-compulsory education (%),.., 
2017,Barcelona,Diagonal Mar i el Front Marítim del Poblenou,foreign population from low or middle income countries (%),,9.8
2017,Barcelona,Diagonal Mar i el Front Marítim del Poblenou,average income per person (€),,17323
2017,Barcelona,el Besòs i el Maresme,employed population (%),,55.1
2017,Barcelona,el Besòs i el Maresme,low-skilled workers (%),,18.5
2017,Barcelona,el Besòs i el Maresme,population with low studies (%),.., 
2017,Barcelona,el Besòs i el Maresme,young population without post-compulsory education (%),.., 
2017,Barcelona,el Besòs i el Maresme,foreign population from low or middle income countries (%),,23.9
2017,Barcelona,el Besòs i el Maresme,average income per person (€),,9606
2017,Barcelona,Provençals del Poblenou,employed population (%),,65.6
2017,Barcelona,Provençals del Poblenou,low-skilled workers (%),,8.3
2017,Barcelona,Provençals del Poblenou,population with low studies (%),.., 
2017,Barcelona,Provençals del Poblenou,young population without post-compulsory education (%),.., 
2017,Barcelona,Provençals del Poblenou,foreign population from low or middle income countries (%),,9.6
2017,Barcelona,Provençals del Poblenou,average income per person (€),,14039
2017,Barcelona,Sant Martí de Provençals,employed population (%),,64.5
2017,Barcelona,Sant Martí de Provençals,low-skilled workers (%),,9.2
2017,Barcelona,Sant Martí de Provençals,population with low studies (%),.., 
2017,Barcelona,Sant Martí de Provençals,young population without post-compulsory education (%),.., 
2017,Barcelona,Sant Martí de Provençals,foreign population from low or middle income countries (%),,9.6
2017,Barcelona,Sant Martí de Provençals,average income per person (€),,13422
2017,Barcelona,la Verneda i la Pau,employed population (%),,62.4
2017,Barcelona,la Verneda i la Pau,low-skilled workers (%),,12
2017,Barcelona,la Verneda i la Pau,population with low studies (%),.., 
2017,Barcelona,la Verneda i la Pau,young population without post-compulsory education (%),.., 
2017,Barcelona,la Verneda i la Pau,foreign population from low or middle income countries (%),,9.9
2017,Barcelona,la Verneda i la Pau,average income per person (€),,12120
2017,Barcelona,total,employed population (%),,63
2017,Barcelona,total,low-skilled workers (%),,8.1
2017,Barcelona,total,population with low studies (%),.., 
2017,Barcelona,total,young population without post-compulsory education (%),.., 
2017,Barcelona,total,foreign population from low or middle income countries (%),,11.8
2017,Barcelona,total,average income per person (€),,15755
2018,Barcelona,el Raval,employed population (%),,56.5
2018,Barcelona,el Raval,low-skilled workers (%),,15
2018,Barcelona,el Raval,population with low studies (%),,18.8
2018,Barcelona,el Raval,young population without post-compulsory education (%),,34.5
2018,Barcelona,el Raval,foreign population from low or middle income countries (%),,38.7
2018,Barcelona,el Raval,average income per person (€),,9313
2018,Barcelona,el Barri Gòtic,employed population (%),,50.6
2018,Barcelona,el Barri Gòtic,low-skilled workers (%),,10
2018,Barcelona,el Barri Gòtic,population with low studies (%),,14.4
2018,Barcelona,el Barri Gòtic,young population without post-compulsory education (%),,22.3
2018,Barcelona,el Barri Gòtic,foreign population from low or middle income countries (%),,27.5
2018,Barcelona,el Barri Gòtic,average income per person (€),,12078
2018,Barcelona,la Barceloneta,employed population (%),,57.1
2018,Barcelona,la Barceloneta,low-skilled workers (%),,10.5
2018,Barcelona,la Barceloneta,population with low studies (%),,16.9
2018,Barcelona,la Barceloneta,young population without post-compulsory education (%),,19.2
2018,Barcelona,la Barceloneta,foreign population from low or middle income countries (%),,17.2
2018,Barcelona,la Barceloneta,average income per person (€),,12015
2018,Barcelona,"Sant Pere, Santa Caterina i la Ribera",employed population (%),,57.6
2018,Barcelona,"Sant Pere, Santa Caterina i la Ribera",low-skilled workers (%),,8.4
2018,Barcelona,"Sant Pere, Santa Caterina i la Ribera",population with low studies (%),,12
2018,Barcelona,"Sant Pere, Santa Caterina i la Ribera",young population without post-compulsory education (%),,15.5
2018,Barcelona,"Sant Pere, Santa Caterina i la Ribera",foreign population from low or middle income countries (%),,19.7
2018,Barcelona,"Sant Pere, Santa Caterina i la Ribera",average income per person (€),,13380
2018,Barcelona,el Fort Pienc,employed population (%),,64.3
2018,Barcelona,el Fort Pienc,low-skilled workers (%),,5.4
2018,Barcelona,el Fort Pienc,population with low studies (%),,10.1
2018,Barcelona,el Fort Pienc,young population without post-compulsory education (%),,12.4
2018,Barcelona,el Fort Pienc,foreign population from low or middle income countries (%),,13.5
2018,Barcelona,el Fort Pienc,average income per person (€),,16938
2018,Barcelona,la Sagrada Família,employed population (%),,65.4
2018,Barcelona,la Sagrada Família,low-skilled workers (%),,5.6
2018,Barcelona,la Sagrada Família,population with low studies (%),,11.6
2018,Barcelona,la Sagrada Família,young population without post-compulsory education (%),,11.9
2018,Barcelona,la Sagrada Família,foreign population from low or middle income countries (%),,12.9
2018,Barcelona,la Sagrada Família,average income per person (€),,16650
2018,Barcelona,la Dreta de l'Eixample,employed population (%),,63.5
2018,Barcelona,la Dreta de l'Eixample,low-skilled workers (%),,3
2018,Barcelona,la Dreta de l'Eixample,population with low studies (%),,6.7
2018,Barcelona,la Dreta de l'Eixample,young population without post-compulsory education (%),,6.7
2018,Barcelona,la Dreta de l'Eixample,foreign population from low or middle income countries (%),,9.3
2018,Barcelona,la Dreta de l'Eixample,average income per person (€),,21661
2018,Barcelona,l'Antiga Esquerra de l'Eixample,employed population (%),,63.5
2018,Barcelona,l'Antiga Esquerra de l'Eixample,low-skilled workers (%),,3.8
2018,Barcelona,l'Antiga Esquerra de l'Eixample,population with low studies (%),,7.6
2018,Barcelona,l'Antiga Esquerra de l'Eixample,young population without post-compulsory education (%),,8.6
2018,Barcelona,l'Antiga Esquerra de l'Eixample,foreign population from low or middle income countries (%),,11.4
2018,Barcelona,l'Antiga Esquerra de l'Eixample,average income per person (€),,20152
2018,Barcelona,la Nova Esquerra de l'Eixample,employed population (%),,65.5
2018,Barcelona,la Nova Esquerra de l'Eixample,low-skilled workers (%),,4.8
2018,Barcelona,la Nova Esquerra de l'Eixample,population with low studies (%),,9.1
2018,Barcelona,la Nova Esquerra de l'Eixample,young population without post-compulsory education (%),,10.2
2018,Barcelona,la Nova Esquerra de l'Eixample,foreign population from low or middle income countries (%),,11.5
2018,Barcelona,la Nova Esquerra de l'Eixample,average income per person (€),,18595
2018,Barcelona,Sant Antoni,employed population (%),,65.2
2018,Barcelona,Sant Antoni,low-skilled workers (%),,6.2
2018,Barcelona,Sant Antoni,population with low studies (%),,11.9
2018,Barcelona,Sant Antoni,young population without post-compulsory education (%),,14.3
2018,Barcelona,Sant Antoni,foreign population from low or middle income countries (%),,13.4
2018,Barcelona,Sant Antoni,average income per person (€),,16448
2018,Barcelona,el Poble Sec,employed population (%),,62.1
2018,Barcelona,el Poble Sec,low-skilled workers (%),,11.2
2018,Barcelona,el Poble Sec,population with low studies (%),,16.1
2018,Barcelona,el Poble Sec,young population without post-compulsory education (%),,26.3
2018,Barcelona,el Poble Sec,foreign population from low or middle income countries (%),,21.2
2018,Barcelona,el Poble Sec,average income per person (€),,12011
2018,Barcelona,la Marina del Prat Vermell,employed population (%),,50.4
2018,Barcelona,la Marina del Prat Vermell,low-skilled workers (%),,21.5
2018,Barcelona,la Marina del Prat Vermell,population with low studies (%),,28.7
2018,Barcelona,la Marina del Prat Vermell,young population without post-compulsory education (%),,55.4
2018,Barcelona,la Marina del Prat Vermell,foreign population from low or middle income countries (%),,7.9
2018,Barcelona,la Marina del Prat Vermell,average income per person (€),,10139
2018,Barcelona,la Marina de Port,employed population (%),,63.8
2018,Barcelona,la Marina de Port,low-skilled workers (%),,12.9
2018,Barcelona,la Marina de Port,population with low studies (%),,18
2018,Barcelona,la Marina de Port,young population without post-compulsory education (%),,32
2018,Barcelona,la Marina de Port,foreign population from low or middle income countries (%),,12.9
2018,Barcelona,la Marina de Port,average income per person (€),,12471
2018,Barcelona,la Font de la Guatlla,employed population (%),,63.8
2018,Barcelona,la Font de la Guatlla,low-skilled workers (%),,7.3
2018,Barcelona,la Font de la Guatlla,population with low studies (%),,13.7
2018,Barcelona,la Font de la Guatlla,young population without post-compulsory education (%),,15.6
2018,Barcelona,la Font de la Guatlla,foreign population from low or middle income countries (%),,12.7
2018,Barcelona,la Font de la Guatlla,average income per person (€),,15145
2018,Barcelona,Hostafrancs,employed population (%),,63.7
2018,Barcelona,Hostafrancs,low-skilled workers (%),,7.9
2018,Barcelona,Hostafrancs,population with low studies (%),,13.6
2018,Barcelona,Hostafrancs,young population without post-compulsory education (%),,19.2
2018,Barcelona,Hostafrancs,foreign population from low or middle income countries (%),,16.3
2018,Barcelona,Hostafrancs,average income per person (€),,14404
2018,Barcelona,la Bordeta,employed population (%),,67.5
2018,Barcelona,la Bordeta,low-skilled workers (%),,7.6
2018,Barcelona,la Bordeta,population with low studies (%),,16.2
2018,Barcelona,la Bordeta,young population without post-compulsory education (%),,19
2018,Barcelona,la Bordeta,foreign population from low or middle income countries (%),,10
2018,Barcelona,la Bordeta,average income per person (€),,14605
2018,Barcelona,Sants-Badal,employed population (%),,66
2018,Barcelona,Sants-Badal,low-skilled workers (%),,9.3
2018,Barcelona,Sants-Badal,population with low studies (%),,15.6
2018,Barcelona,Sants-Badal,young population without post-compulsory education (%),,19.3
2018,Barcelona,Sants-Badal,foreign population from low or middle income countries (%),,14
2018,Barcelona,Sants-Badal,average income per person (€),,14401
2018,Barcelona,Sants,employed population (%),,66.2
2018,Barcelona,Sants,low-skilled workers (%),,6.9
2018,Barcelona,Sants,population with low studies (%),,13.4
2018,Barcelona,Sants,young population without post-compulsory education (%),,16.5
2018,Barcelona,Sants,foreign population from low or middle income countries (%),,12.7
2018,Barcelona,Sants,average income per person (€),,16054
2018,Barcelona,les Corts,employed population (%),,66.5
2018,Barcelona,les Corts,low-skilled workers (%),,3.5
2018,Barcelona,les Corts,population with low studies (%),,8.9
2018,Barcelona,les Corts,young population without post-compulsory education (%),,8
2018,Barcelona,les Corts,foreign population from low or middle income countries (%),,6.9
2018,Barcelona,les Corts,average income per person (€),,21146
2018,Barcelona,la Maternitat i Sant Ramon,employed population (%),,65.9
2018,Barcelona,la Maternitat i Sant Ramon,low-skilled workers (%),,4
2018,Barcelona,la Maternitat i Sant Ramon,population with low studies (%),,11.2
2018,Barcelona,la Maternitat i Sant Ramon,young population without post-compulsory education (%),,9.1
2018,Barcelona,la Maternitat i Sant Ramon,foreign population from low or middle income countries (%),,7.8
2018,Barcelona,la Maternitat i Sant Ramon,average income per person (€),,19160
2018,Barcelona,Pedralbes,employed population (%),,60.4
2018,Barcelona,Pedralbes,low-skilled workers (%),,2.1
2018,Barcelona,Pedralbes,population with low studies (%),,4.8
2018,Barcelona,Pedralbes,young population without post-compulsory education (%),,7.2
2018,Barcelona,Pedralbes,foreign population from low or middle income countries (%),,8.1
2018,Barcelona,Pedralbes,average income per person (€),,29035
2018,Barcelona,"Vallvidrera, el Tibidabo i les Planes",employed population (%),,66.1
2018,Barcelona,"Vallvidrera, el Tibidabo i les Planes",low-skilled workers (%),,4.9
2018,Barcelona,"Vallvidrera, el Tibidabo i les Planes",population with low studies (%),,7.8
2018,Barcelona,"Vallvidrera, el Tibidabo i les Planes",young population without post-compulsory education (%),,15.6
2018,Barcelona,"Vallvidrera, el Tibidabo i les Planes",foreign population from low or middle income countries (%),,4.1
2018,Barcelona,"Vallvidrera, el Tibidabo i les Planes",average income per person (€),,19775
2018,Barcelona,Sarrià,employed population (%),,65.9
2018,Barcelona,Sarrià,low-skilled workers (%),,2.4
2018,Barcelona,Sarrià,population with low studies (%),,6.2
2018,Barcelona,Sarrià,young population without post-compulsory education (%),,6.8
2018,Barcelona,Sarrià,foreign population from low or middle income countries (%),,4.7
2018,Barcelona,Sarrià,average income per person (€),,26227
2018,Barcelona,les Tres Torres,employed population (%),,66.3
2018,Barcelona,les Tres Torres,low-skilled workers (%),,2
2018,Barcelona,les Tres Torres,population with low studies (%),,3.8
2018,Barcelona,les Tres Torres,young population without post-compulsory education (%),,4.9
2018,Barcelona,les Tres Torres,foreign population from low or middle income countries (%),,3.7
2018,Barcelona,les Tres Torres,average income per person (€),,30534
2018,Barcelona,Sant Gervasi-la Bonanova,employed population (%),,65.8
2018,Barcelona,Sant Gervasi-la Bonanova,low-skilled workers (%),,2.7
2018,Barcelona,Sant Gervasi-la Bonanova,population with low studies (%),,4.8
2018,Barcelona,Sant Gervasi-la Bonanova,young population without post-compulsory education (%),,6.9
2018,Barcelona,Sant Gervasi-la Bonanova,foreign population from low or middle income countries (%),,6
2018,Barcelona,Sant Gervasi-la Bonanova,average income per person (€),,26528
2018,Barcelona,Sant Gervasi-Galvany,employed population (%),,65.9
2018,Barcelona,Sant Gervasi-Galvany,low-skilled workers (%),,2.3
2018,Barcelona,Sant Gervasi-Galvany,population with low studies (%),,4.4
2018,Barcelona,Sant Gervasi-Galvany,young population without post-compulsory education (%),,5.3
2018,Barcelona,Sant Gervasi-Galvany,foreign population from low or middle income countries (%),,5.6
2018,Barcelona,Sant Gervasi-Galvany,average income per person (€),,27042
2018,Barcelona,el Putxet i el Farró,employed population (%),,67.5
2018,Barcelona,el Putxet i el Farró,low-skilled workers (%),,2.8
2018,Barcelona,el Putxet i el Farró,population with low studies (%),,5.1
2018,Barcelona,el Putxet i el Farró,young population without post-compulsory education (%),,6.4
2018,Barcelona,el Putxet i el Farró,foreign population from low or middle income countries (%),,6.4
2018,Barcelona,el Putxet i el Farró,average income per person (€),,21715
2018,Barcelona,Vallcarca i els Penitents,employed population (%),,68.8
2018,Barcelona,Vallcarca i els Penitents,low-skilled workers (%),,4.6
2018,Barcelona,Vallcarca i els Penitents,population with low studies (%),,9.7
2018,Barcelona,Vallcarca i els Penitents,young population without post-compulsory education (%),,11.3
2018,Barcelona,Vallcarca i els Penitents,foreign population from low or middle income countries (%),,7.7
2018,Barcelona,Vallcarca i els Penitents,average income per person (€),,18883
2018,Barcelona,el Coll,employed population (%),,67.1
2018,Barcelona,el Coll,low-skilled workers (%),,6.9
2018,Barcelona,el Coll,population with low studies (%),,12.4
2018,Barcelona,el Coll,young population without post-compulsory education (%),,16.6
2018,Barcelona,el Coll,foreign population from low or middle income countries (%),,9.6
2018,Barcelona,el Coll,average income per person (€),,14804
2018,Barcelona,la Salut,employed population (%),,67.3
2018,Barcelona,la Salut,low-skilled workers (%),,4.3
2018,Barcelona,la Salut,population with low studies (%),,10.1
2018,Barcelona,la Salut,young population without post-compulsory education (%),,10.8
2018,Barcelona,la Salut,foreign population from low or middle income countries (%),,7.5
2018,Barcelona,la Salut,average income per person (€),,18325
2018,Barcelona,la Vila de Gràcia,employed population (%),,66.1
2018,Barcelona,la Vila de Gràcia,low-skilled workers (%),,4.3
2018,Barcelona,la Vila de Gràcia,population with low studies (%),,9.6
2018,Barcelona,la Vila de Gràcia,young population without post-compulsory education (%),,9.5
2018,Barcelona,la Vila de Gràcia,foreign population from low or middle income countries (%),,8.7
2018,Barcelona,la Vila de Gràcia,average income per person (€),,17157
2018,Barcelona,el Camp d'en Grassot i Gràcia Nova,employed population (%),,67.7
2018,Barcelona,el Camp d'en Grassot i Gràcia Nova,low-skilled workers (%),,4.2
2018,Barcelona,el Camp d'en Grassot i Gràcia Nova,population with low studies (%),,9.7
2018,Barcelona,el Camp d'en Grassot i Gràcia Nova,young population without post-compulsory education (%),,10.5
2018,Barcelona,el Camp d'en Grassot i Gràcia Nova,foreign population from low or middle income countries (%),,7.8
2018,Barcelona,el Camp d'en Grassot i Gràcia Nova,average income per person (€),,18191
2018,Barcelona,el Baix Guinardó,employed population (%),,67.5
2018,Barcelona,el Baix Guinardó,low-skilled workers (%),,5.6
2018,Barcelona,el Baix Guinardó,population with low studies (%),,12.8
2018,Barcelona,el Baix Guinardó,young population without post-compulsory education (%),,13.4
2018,Barcelona,el Baix Guinardó,foreign population from low or middle income countries (%),,9.3
2018,Barcelona,el Baix Guinardó,average income per person (€),,15873
2018,Barcelona,Can Baró,employed population (%),,66.5
2018,Barcelona,Can Baró,low-skilled workers (%),,8.1
2018,Barcelona,Can Baró,population with low studies (%),,14.9
2018,Barcelona,Can Baró,young population without post-compulsory education (%),,18.3
2018,Barcelona,Can Baró,foreign population from low or middle income countries (%),,9.1
2018,Barcelona,Can Baró,average income per person (€),,14516
2018,Barcelona,el Guinardó,employed population (%),,67.7
2018,Barcelona,el Guinardó,low-skilled workers (%),,7.2
2018,Barcelona,el Guinardó,population with low studies (%),,13.1
2018,Barcelona,el Guinardó,young population without post-compulsory education (%),,15.9
2018,Barcelona,el Guinardó,foreign population from low or middle income countries (%),,10.4
2018,Barcelona,el Guinardó,average income per person (€),,15355
2018,Barcelona,la Font d'en Fargues,employed population (%),,71.1
2018,Barcelona,la Font d'en Fargues,low-skilled workers (%),,4.7
2018,Barcelona,la Font d'en Fargues,population with low studies (%),,11.5
2018,Barcelona,la Font d'en Fargues,young population without post-compulsory education (%),,12.3
2018,Barcelona,la Font d'en Fargues,foreign population from low or middle income countries (%),,3.9
2018,Barcelona,la Font d'en Fargues,average income per person (€),,17859
2018,Barcelona,el Carmel,employed population (%),,65.8
2018,Barcelona,el Carmel,low-skilled workers (%),,14.1
2018,Barcelona,el Carmel,population with low studies (%),,21.5
2018,Barcelona,el Carmel,young population without post-compulsory education (%),,30.4
2018,Barcelona,el Carmel,foreign population from low or middle income countries (%),,12.3
2018,Barcelona,el Carmel,average income per person (€),,11394
2018,Barcelona,la Teixonera,employed population (%),,67.3
2018,Barcelona,la Teixonera,low-skilled workers (%),,11
2018,Barcelona,la Teixonera,population with low studies (%),,18.9
2018,Barcelona,la Teixonera,young population without post-compulsory education (%),,23.5
2018,Barcelona,la Teixonera,foreign population from low or middle income countries (%),,11
2018,Barcelona,la Teixonera,average income per person (€),,12535
2018,Barcelona,Sant Genís dels Agudells,employed population (%),,67.6
2018,Barcelona,Sant Genís dels Agudells,low-skilled workers (%),,10.1
2018,Barcelona,Sant Genís dels Agudells,population with low studies (%),,20.4
2018,Barcelona,Sant Genís dels Agudells,young population without post-compulsory education (%),,22.7
2018,Barcelona,Sant Genís dels Agudells,foreign population from low or middle income countries (%),,11.4
2018,Barcelona,Sant Genís dels Agudells,average income per person (€),,13519
2018,Barcelona,Montbau,employed population (%),,66.5
2018,Barcelona,Montbau,low-skilled workers (%),,6.3
2018,Barcelona,Montbau,population with low studies (%),,19.9
2018,Barcelona,Montbau,young population without post-compulsory education (%),,15.7
2018,Barcelona,Montbau,foreign population from low or middle income countries (%),,9
2018,Barcelona,Montbau,average income per person (€),,14518
2018,Barcelona,la Vall d'Hebron,employed population (%),,70.3
2018,Barcelona,la Vall d'Hebron,low-skilled workers (%),,4.3
2018,Barcelona,la Vall d'Hebron,population with low studies (%),,13.7
2018,Barcelona,la Vall d'Hebron,young population without post-compulsory education (%),,14.2
2018,Barcelona,la Vall d'Hebron,foreign population from low or middle income countries (%),,6.6
2018,Barcelona,la Vall d'Hebron,average income per person (€),,17087
2018,Barcelona,la Clota,employed population (%),,73.1
2018,Barcelona,la Clota,low-skilled workers (%),,8.9
2018,Barcelona,la Clota,population with low studies (%),,14.9
2018,Barcelona,la Clota,young population without post-compulsory education (%),,27.1
2018,Barcelona,la Clota,foreign population from low or middle income countries (%),,9.8
2018,Barcelona,la Clota,average income per person (€),,14136
2018,Barcelona,Horta,employed population (%),,67.2
2018,Barcelona,Horta,low-skilled workers (%),,8.5
2018,Barcelona,Horta,population with low studies (%),,17.6
2018,Barcelona,Horta,young population without post-compulsory education (%),,19.5
2018,Barcelona,Horta,foreign population from low or middle income countries (%),,9
2018,Barcelona,Horta,average income per person (€),,15033
2018,Barcelona,Vilapicina i la Torre Llobeta,employed population (%),,67.5
2018,Barcelona,Vilapicina i la Torre Llobeta,low-skilled workers (%),,9.2
2018,Barcelona,Vilapicina i la Torre Llobeta,population with low studies (%),,16.6
2018,Barcelona,Vilapicina i la Torre Llobeta,young population without post-compulsory education (%),,21.1
2018,Barcelona,Vilapicina i la Torre Llobeta,foreign population from low or middle income countries (%),,11.6
2018,Barcelona,Vilapicina i la Torre Llobeta,average income per person (€),,14237
2018,Barcelona,Porta,employed population (%),,64.8
2018,Barcelona,Porta,low-skilled workers (%),,11.5
2018,Barcelona,Porta,population with low studies (%),,20.5
2018,Barcelona,Porta,young population without post-compulsory education (%),,26.2
2018,Barcelona,Porta,foreign population from low or middle income countries (%),,14.8
2018,Barcelona,Porta,average income per person (€),,12805
2018,Barcelona,el Turó de la Peira,employed population (%),,62.4
2018,Barcelona,el Turó de la Peira,low-skilled workers (%),,17.3
2018,Barcelona,el Turó de la Peira,population with low studies (%),,22.4
2018,Barcelona,el Turó de la Peira,young population without post-compulsory education (%),,33.5
2018,Barcelona,el Turó de la Peira,foreign population from low or middle income countries (%),,20.1
2018,Barcelona,el Turó de la Peira,average income per person (€),,10675
2018,Barcelona,Can Peguera,employed population (%),,52.7
2018,Barcelona,Can Peguera,low-skilled workers (%),,20.4
2018,Barcelona,Can Peguera,population with low studies (%),,21.1
2018,Barcelona,Can Peguera,young population without post-compulsory education (%),,44.5
2018,Barcelona,Can Peguera,foreign population from low or middle income countries (%),,7.6
2018,Barcelona,Can Peguera,average income per person (€),,10044
2018,Barcelona,la Guineueta,employed population (%),,67.9
2018,Barcelona,la Guineueta,low-skilled workers (%),,9.1
2018,Barcelona,la Guineueta,population with low studies (%),,19.5
2018,Barcelona,la Guineueta,young population without post-compulsory education (%),,22.1
2018,Barcelona,la Guineueta,foreign population from low or middle income countries (%),,6.9
2018,Barcelona,la Guineueta,average income per person (€),,14441
2018,Barcelona,Canyelles,employed population (%),,64.9
2018,Barcelona,Canyelles,low-skilled workers (%),,14.8
2018,Barcelona,Canyelles,population with low studies (%),,21.3
2018,Barcelona,Canyelles,young population without post-compulsory education (%),,27.1
2018,Barcelona,Canyelles,foreign population from low or middle income countries (%),,4
2018,Barcelona,Canyelles,average income per person (€),,13342
2018,Barcelona,les Roquetes,employed population (%),,60.1
2018,Barcelona,les Roquetes,low-skilled workers (%),,22.5
2018,Barcelona,les Roquetes,population with low studies (%),,22.6
2018,Barcelona,les Roquetes,young population without post-compulsory education (%),,43.5
2018,Barcelona,les Roquetes,foreign population from low or middle income countries (%),,20
2018,Barcelona,les Roquetes,average income per person (€),,9706
2018,Barcelona,Verdun,employed population (%),,62.4
2018,Barcelona,Verdun,low-skilled workers (%),,17.4
2018,Barcelona,Verdun,population with low studies (%),,22.6
2018,Barcelona,Verdun,young population without post-compulsory education (%),,37.4
2018,Barcelona,Verdun,foreign population from low or middle income countries (%),,17.7
2018,Barcelona,Verdun,average income per person (€),,10580
2018,Barcelona,la Prosperitat,employed population (%),,66.1
2018,Barcelona,la Prosperitat,low-skilled workers (%),,14.4
2018,Barcelona,la Prosperitat,population with low studies (%),,22.6
2018,Barcelona,la Prosperitat,young population without post-compulsory education (%),,32.5
2018,Barcelona,la Prosperitat,foreign population from low or middle income countries (%),,14.3
2018,Barcelona,la Prosperitat,average income per person (€),,11699
2018,Barcelona,la Trinitat Nova,employed population (%),,57.3
2018,Barcelona,la Trinitat Nova,low-skilled workers (%),,22.3
2018,Barcelona,la Trinitat Nova,population with low studies (%),,20.8
2018,Barcelona,la Trinitat Nova,young population without post-compulsory education (%),,48.9
2018,Barcelona,la Trinitat Nova,foreign population from low or middle income countries (%),,19.6
2018,Barcelona,la Trinitat Nova,average income per person (€),,9102
2018,Barcelona,Torre Baró,employed population (%),,54.3
2018,Barcelona,Torre Baró,low-skilled workers (%),,25.5
2018,Barcelona,Torre Baró,population with low studies (%),,18.4
2018,Barcelona,Torre Baró,young population without post-compulsory education (%),,50.9
2018,Barcelona,Torre Baró,foreign population from low or middle income countries (%),,15.8
2018,Barcelona,Torre Baró,average income per person (€),,8581
2018,Barcelona,Ciutat Meridiana,employed population (%),,55.2
2018,Barcelona,Ciutat Meridiana,low-skilled workers (%),,26.3
2018,Barcelona,Ciutat Meridiana,population with low studies (%),,24
2018,Barcelona,Ciutat Meridiana,young population without post-compulsory education (%),,51
2018,Barcelona,Ciutat Meridiana,foreign population from low or middle income countries (%),,28.8
2018,Barcelona,Ciutat Meridiana,average income per person (€),,8121
2018,Barcelona,Vallbona,employed population (%),,55.5
2018,Barcelona,Vallbona,low-skilled workers (%),,20.4
2018,Barcelona,Vallbona,population with low studies (%),,23.3
2018,Barcelona,Vallbona,young population without post-compulsory education (%),,58.5
2018,Barcelona,Vallbona,foreign population from low or middle income countries (%),,11.2
2018,Barcelona,Vallbona,average income per person (€),,9236
2018,Barcelona,la Trinitat Vella,employed population (%),,57.8
2018,Barcelona,la Trinitat Vella,low-skilled workers (%),,22.6
2018,Barcelona,la Trinitat Vella,population with low studies (%),,22.4
2018,Barcelona,la Trinitat Vella,young population without post-compulsory education (%),,46.6
2018,Barcelona,la Trinitat Vella,foreign population from low or middle income countries (%),,27.1
2018,Barcelona,la Trinitat Vella,average income per person (€),,9036
2018,Barcelona,Baró de Viver,employed population (%),,54
2018,Barcelona,Baró de Viver,low-skilled workers (%),,23.6
2018,Barcelona,Baró de Viver,population with low studies (%),,21
2018,Barcelona,Baró de Viver,young population without post-compulsory education (%),,51.9
2018,Barcelona,Baró de Viver,foreign population from low or middle income countries (%),,11.8
2018,Barcelona,Baró de Viver,average income per person (€),,9098
2018,Barcelona,el Bon Pastor,employed population (%),,62.3
2018,Barcelona,el Bon Pastor,low-skilled workers (%),,15.2
2018,Barcelona,el Bon Pastor,population with low studies (%),,19.9
2018,Barcelona,el Bon Pastor,young population without post-compulsory education (%),,42.1
2018,Barcelona,el Bon Pastor,foreign population from low or middle income countries (%),,13
2018,Barcelona,el Bon Pastor,average income per person (€),,11557
2018,Barcelona,Sant Andreu,employed population (%),,70
2018,Barcelona,Sant Andreu,low-skilled workers (%),,6.5
2018,Barcelona,Sant Andreu,population with low studies (%),,14.1
2018,Barcelona,Sant Andreu,young population without post-compulsory education (%),,17
2018,Barcelona,Sant Andreu,foreign population from low or middle income countries (%),,6.1
2018,Barcelona,Sant Andreu,average income per person (€),,15639
2018,Barcelona,la Sagrera,employed population (%),,67.1
2018,Barcelona,la Sagrera,low-skilled workers (%),,8.3
2018,Barcelona,la Sagrera,population with low studies (%),,14.7
2018,Barcelona,la Sagrera,young population without post-compulsory education (%),,17.1
2018,Barcelona,la Sagrera,foreign population from low or middle income countries (%),,10.5
2018,Barcelona,la Sagrera,average income per person (€),,14555
2018,Barcelona,el Congrés i els Indians,employed population (%),,68.7
2018,Barcelona,el Congrés i els Indians,low-skilled workers (%),,8.4
2018,Barcelona,el Congrés i els Indians,population with low studies (%),,15.4
2018,Barcelona,el Congrés i els Indians,young population without post-compulsory education (%),,19
2018,Barcelona,el Congrés i els Indians,foreign population from low or middle income countries (%),,11.1
2018,Barcelona,el Congrés i els Indians,average income per person (€),,14537
2018,Barcelona,Navas,employed population (%),,67.8
2018,Barcelona,Navas,low-skilled workers (%),,7.9
2018,Barcelona,Navas,population with low studies (%),,13.8
2018,Barcelona,Navas,young population without post-compulsory education (%),,16.6
2018,Barcelona,Navas,foreign population from low or middle income countries (%),,11.3
2018,Barcelona,Navas,average income per person (€),,14955
2018,Barcelona,el Camp de l'Arpa del Clot,employed population (%),,67.4
2018,Barcelona,el Camp de l'Arpa del Clot,low-skilled workers (%),,6.6
2018,Barcelona,el Camp de l'Arpa del Clot,population with low studies (%),,12.8
2018,Barcelona,el Camp de l'Arpa del Clot,young population without post-compulsory education (%),,15.2
2018,Barcelona,el Camp de l'Arpa del Clot,foreign population from low or middle income countries (%),,11.7
2018,Barcelona,el Camp de l'Arpa del Clot,average income per person (€),,15384
2018,Barcelona,el Clot,employed population (%),,67.3
2018,Barcelona,el Clot,low-skilled workers (%),,7.2
2018,Barcelona,el Clot,population with low studies (%),,12.3
2018,Barcelona,el Clot,young population without post-compulsory education (%),,16.7
2018,Barcelona,el Clot,foreign population from low or middle income countries (%),,10.3
2018,Barcelona,el Clot,average income per person (€),,15146
2018,Barcelona,el Parc i la Llacuna del Poblenou,employed population (%),,64
2018,Barcelona,el Parc i la Llacuna del Poblenou,low-skilled workers (%),,5.1
2018,Barcelona,el Parc i la Llacuna del Poblenou,population with low studies (%),,11.7
2018,Barcelona,el Parc i la Llacuna del Poblenou,young population without post-compulsory education (%),,14.8
2018,Barcelona,el Parc i la Llacuna del Poblenou,foreign population from low or middle income countries (%),,12.3
2018,Barcelona,el Parc i la Llacuna del Poblenou,average income per person (€),,15672
2018,Barcelona,la Vila Olímpica del Poblenou,employed population (%),,64.4
2018,Barcelona,la Vila Olímpica del Poblenou,low-skilled workers (%),,2
2018,Barcelona,la Vila Olímpica del Poblenou,population with low studies (%),,4.7
2018,Barcelona,la Vila Olímpica del Poblenou,young population without post-compulsory education (%),,7
2018,Barcelona,la Vila Olímpica del Poblenou,foreign population from low or middle income countries (%),,6
2018,Barcelona,la Vila Olímpica del Poblenou,average income per person (€),,23034
2018,Barcelona,el Poblenou,employed population (%),,68.5
2018,Barcelona,el Poblenou,low-skilled workers (%),,5.1
2018,Barcelona,el Poblenou,population with low studies (%),,12.3
2018,Barcelona,el Poblenou,young population without post-compulsory education (%),,15.8
2018,Barcelona,el Poblenou,foreign population from low or middle income countries (%),,8.6
2018,Barcelona,el Poblenou,average income per person (€),,15959
2018,Barcelona,Diagonal Mar i el Front Marítim del Poblenou,employed population (%),,67.5
2018,Barcelona,Diagonal Mar i el Front Marítim del Poblenou,low-skilled workers (%),,3.7
2018,Barcelona,Diagonal Mar i el Front Marítim del Poblenou,population with low studies (%),,11.4
2018,Barcelona,Diagonal Mar i el Front Marítim del Poblenou,young population without post-compulsory education (%),,13.8
2018,Barcelona,Diagonal Mar i el Front Marítim del Poblenou,foreign population from low or middle income countries (%),,10.6
2018,Barcelona,Diagonal Mar i el Front Marítim del Poblenou,average income per person (€),,18194
2018,Barcelona,el Besòs i el Maresme,employed population (%),,56.2
2018,Barcelona,el Besòs i el Maresme,low-skilled workers (%),,18.1
2018,Barcelona,el Besòs i el Maresme,population with low studies (%),,23.5
2018,Barcelona,el Besòs i el Maresme,young population without post-compulsory education (%),,42.7
2018,Barcelona,el Besòs i el Maresme,foreign population from low or middle income countries (%),,25.6
2018,Barcelona,el Besòs i el Maresme,average income per person (€),,9868
2018,Barcelona,Provençals del Poblenou,employed population (%),,67.6
2018,Barcelona,Provençals del Poblenou,low-skilled workers (%),,7.8
2018,Barcelona,Provençals del Poblenou,population with low studies (%),,14.3
2018,Barcelona,Provençals del Poblenou,young population without post-compulsory education (%),,21.3
2018,Barcelona,Provençals del Poblenou,foreign population from low or middle income countries (%),,9.7
2018,Barcelona,Provençals del Poblenou,average income per person (€),,14422
2018,Barcelona,Sant Martí de Provençals,employed population (%),,66.3
2018,Barcelona,Sant Martí de Provençals,low-skilled workers (%),,8.9
2018,Barcelona,Sant Martí de Provençals,population with low studies (%),,18.6
2018,Barcelona,Sant Martí de Provençals,young population without post-compulsory education (%),,22.2
2018,Barcelona,Sant Martí de Provençals,foreign population from low or middle income countries (%),,9.9
2018,Barcelona,Sant Martí de Provençals,average income per person (€),,13806
2018,Barcelona,la Verneda i la Pau,employed population (%),,63.9
2018,Barcelona,la Verneda i la Pau,low-skilled workers (%),,11.8
2018,Barcelona,la Verneda i la Pau,population with low studies (%),,20.9
2018,Barcelona,la Verneda i la Pau,young population without post-compulsory education (%),,28.1
2018,Barcelona,la Verneda i la Pau,foreign population from low or middle income countries (%),,10.7
2018,Barcelona,la Verneda i la Pau,average income per person (€),,12473
2018,Barcelona,total,employed population (%),,64.9
2018,Barcelona,total,low-skilled workers (%),,7.9
2018,Barcelona,total,population with low studies (%),,13.4
2018,Barcelona,total,young population without post-compulsory education (%),,18.2
2018,Barcelona,total,foreign population from low or middle income countries (%),,12.2
2018,Barcelona,total,average income per person (€),,16386
2019,Barcelona,el Raval,employed population (%),,56.6
2019,Barcelona,el Raval,low-skilled workers (%),,14
2019,Barcelona,el Raval,population with low studies (%),,17.7
2019,Barcelona,el Raval,young population without post-compulsory education (%),,33.2
2019,Barcelona,el Raval,foreign population from low or middle income countries (%),,39.7
2019,Barcelona,el Raval,average income per person (€),,9742
2019,Barcelona,el Barri Gòtic,employed population (%),,48.7
2019,Barcelona,el Barri Gòtic,low-skilled workers (%),,10.3
2019,Barcelona,el Barri Gòtic,population with low studies (%),,15.9
2019,Barcelona,el Barri Gòtic,young population without post-compulsory education (%),,28.1
2019,Barcelona,el Barri Gòtic,foreign population from low or middle income countries (%),,34.2
2019,Barcelona,el Barri Gòtic,average income per person (€),,13076
2019,Barcelona,la Barceloneta,employed population (%),,58.2
2019,Barcelona,la Barceloneta,low-skilled workers (%),,9.8
2019,Barcelona,la Barceloneta,population with low studies (%),,15.9
2019,Barcelona,la Barceloneta,young population without post-compulsory education (%),,19
2019,Barcelona,la Barceloneta,foreign population from low or middle income countries (%),,18.2
2019,Barcelona,la Barceloneta,average income per person (€),,12570
2019,Barcelona,"Sant Pere, Santa Caterina i la Ribera",employed population (%),,58.8
2019,Barcelona,"Sant Pere, Santa Caterina i la Ribera",low-skilled workers (%),,7.7
2019,Barcelona,"Sant Pere, Santa Caterina i la Ribera",population with low studies (%),,11
2019,Barcelona,"Sant Pere, Santa Caterina i la Ribera",young population without post-compulsory education (%),,14.8
2019,Barcelona,"Sant Pere, Santa Caterina i la Ribera",foreign population from low or middle income countries (%),,20.3
2019,Barcelona,"Sant Pere, Santa Caterina i la Ribera",average income per person (€),,13831
2019,Barcelona,el Fort Pienc,employed population (%),,64.5
2019,Barcelona,el Fort Pienc,low-skilled workers (%),,5.3
2019,Barcelona,el Fort Pienc,population with low studies (%),,9.7
2019,Barcelona,el Fort Pienc,young population without post-compulsory education (%),,12.3
2019,Barcelona,el Fort Pienc,foreign population from low or middle income countries (%),,14.6
2019,Barcelona,el Fort Pienc,average income per person (€),,17554
2019,Barcelona,la Sagrada Família,employed population (%),,66.3
2019,Barcelona,la Sagrada Família,low-skilled workers (%),,5.6
2019,Barcelona,la Sagrada Família,population with low studies (%),,10.7
2019,Barcelona,la Sagrada Família,young population without post-compulsory education (%),,11.4
2019,Barcelona,la Sagrada Família,foreign population from low or middle income countries (%),,13.6
2019,Barcelona,la Sagrada Família,average income per person (€),,17090
2019,Barcelona,la Dreta de l'Eixample,employed population (%),,64.4
2019,Barcelona,la Dreta de l'Eixample,low-skilled workers (%),,3.2
2019,Barcelona,la Dreta de l'Eixample,population with low studies (%),,6.5
2019,Barcelona,la Dreta de l'Eixample,young population without post-compulsory education (%),,7.7
2019,Barcelona,la Dreta de l'Eixample,foreign population from low or middle income countries (%),,10
2019,Barcelona,la Dreta de l'Eixample,average income per person (€),,22342
2019,Barcelona,l'Antiga Esquerra de l'Eixample,employed population (%),,63.8
2019,Barcelona,l'Antiga Esquerra de l'Eixample,low-skilled workers (%),,3.6
2019,Barcelona,l'Antiga Esquerra de l'Eixample,population with low studies (%),,7.2
2019,Barcelona,l'Antiga Esquerra de l'Eixample,young population without post-compulsory education (%),,8.9
2019,Barcelona,l'Antiga Esquerra de l'Eixample,foreign population from low or middle income countries (%),,12.5
2019,Barcelona,l'Antiga Esquerra de l'Eixample,average income per person (€),,20482
2019,Barcelona,la Nova Esquerra de l'Eixample,employed population (%),,66.1
2019,Barcelona,la Nova Esquerra de l'Eixample,low-skilled workers (%),,4.7
2019,Barcelona,la Nova Esquerra de l'Eixample,population with low studies (%),,8.4
2019,Barcelona,la Nova Esquerra de l'Eixample,young population without post-compulsory education (%),,9.7
2019,Barcelona,la Nova Esquerra de l'Eixample,foreign population from low or middle income countries (%),,12.3
2019,Barcelona,la Nova Esquerra de l'Eixample,average income per person (€),,19047
2019,Barcelona,Sant Antoni,employed population (%),,66.4
2019,Barcelona,Sant Antoni,low-skilled workers (%),,5.7
2019,Barcelona,Sant Antoni,population with low studies (%),,11.1
2019,Barcelona,Sant Antoni,young population without post-compulsory education (%),,13.9
2019,Barcelona,Sant Antoni,foreign population from low or middle income countries (%),,14
2019,Barcelona,Sant Antoni,average income per person (€),,17040
2019,Barcelona,el Poble Sec,employed population (%),,62.3
2019,Barcelona,el Poble Sec,low-skilled workers (%),,10.5
2019,Barcelona,el Poble Sec,population with low studies (%),,14.9
2019,Barcelona,el Poble Sec,young population without post-compulsory education (%),,24.9
2019,Barcelona,el Poble Sec,foreign population from low or middle income countries (%),,22
2019,Barcelona,el Poble Sec,average income per person (€),,12604
2019,Barcelona,la Marina del Prat Vermell,employed population (%),,53.3
2019,Barcelona,la Marina del Prat Vermell,low-skilled workers (%),,20.2
2019,Barcelona,la Marina del Prat Vermell,population with low studies (%),,28.6
2019,Barcelona,la Marina del Prat Vermell,young population without post-compulsory education (%),,54.9
2019,Barcelona,la Marina del Prat Vermell,foreign population from low or middle income countries (%),,9.6
2019,Barcelona,la Marina del Prat Vermell,average income per person (€),,10411
2019,Barcelona,la Marina de Port,employed population (%),,64.1
2019,Barcelona,la Marina de Port,low-skilled workers (%),,12.4
2019,Barcelona,la Marina de Port,population with low studies (%),,17.1
2019,Barcelona,la Marina de Port,young population without post-compulsory education (%),,30
2019,Barcelona,la Marina de Port,foreign population from low or middle income countries (%),,14.3
2019,Barcelona,la Marina de Port,average income per person (€),,12935
2019,Barcelona,la Font de la Guatlla,employed population (%),,65
2019,Barcelona,la Font de la Guatlla,low-skilled workers (%),,6.9
2019,Barcelona,la Font de la Guatlla,population with low studies (%),,13.2
2019,Barcelona,la Font de la Guatlla,young population without post-compulsory education (%),,14.4
2019,Barcelona,la Font de la Guatlla,foreign population from low or middle income countries (%),,14
2019,Barcelona,la Font de la Guatlla,average income per person (€),,15627
2019,Barcelona,Hostafrancs,employed population (%),,64.3
2019,Barcelona,Hostafrancs,low-skilled workers (%),,7.7
2019,Barcelona,Hostafrancs,population with low studies (%),,12.6
2019,Barcelona,Hostafrancs,young population without post-compulsory education (%),,19.2
2019,Barcelona,Hostafrancs,foreign population from low or middle income countries (%),,17.1
2019,Barcelona,Hostafrancs,average income per person (€),,14983
2019,Barcelona,la Bordeta,employed population (%),,67.8
2019,Barcelona,la Bordeta,low-skilled workers (%),,7.5
2019,Barcelona,la Bordeta,population with low studies (%),,15.1
2019,Barcelona,la Bordeta,young population without post-compulsory education (%),,18.4
2019,Barcelona,la Bordeta,foreign population from low or middle income countries (%),,11.3
2019,Barcelona,la Bordeta,average income per person (€),,15290
2019,Barcelona,Sants-Badal,employed population (%),,66.5
2019,Barcelona,Sants-Badal,low-skilled workers (%),,9.2
2019,Barcelona,Sants-Badal,population with low studies (%),,14.8
2019,Barcelona,Sants-Badal,young population without post-compulsory education (%),,18.8
2019,Barcelona,Sants-Badal,foreign population from low or middle income countries (%),,15
2019,Barcelona,Sants-Badal,average income per person (€),,14752
2019,Barcelona,Sants,employed population (%),,66.3
2019,Barcelona,Sants,low-skilled workers (%),,7
2019,Barcelona,Sants,population with low studies (%),,13.2
2019,Barcelona,Sants,young population without post-compulsory education (%),,18.2
2019,Barcelona,Sants,foreign population from low or middle income countries (%),,14.7
2019,Barcelona,Sants,average income per person (€),,16435
2019,Barcelona,les Corts,employed population (%),,67.2
2019,Barcelona,les Corts,low-skilled workers (%),,3.6
2019,Barcelona,les Corts,population with low studies (%),,8.4
2019,Barcelona,les Corts,young population without post-compulsory education (%),,8
2019,Barcelona,les Corts,foreign population from low or middle income countries (%),,7.8
2019,Barcelona,les Corts,average income per person (€),,21688
2019,Barcelona,la Maternitat i Sant Ramon,employed population (%),,66.5
2019,Barcelona,la Maternitat i Sant Ramon,low-skilled workers (%),,4.2
2019,Barcelona,la Maternitat i Sant Ramon,population with low studies (%),,10.5
2019,Barcelona,la Maternitat i Sant Ramon,young population without post-compulsory education (%),,9
2019,Barcelona,la Maternitat i Sant Ramon,foreign population from low or middle income countries (%),,8.4
2019,Barcelona,la Maternitat i Sant Ramon,average income per person (€),,19837
2019,Barcelona,Pedralbes,employed population (%),,61.9
2019,Barcelona,Pedralbes,low-skilled workers (%),,2
2019,Barcelona,Pedralbes,population with low studies (%),,4.8
2019,Barcelona,Pedralbes,young population without post-compulsory education (%),,7.6
2019,Barcelona,Pedralbes,foreign population from low or middle income countries (%),,8.6
2019,Barcelona,Pedralbes,average income per person (€),,29224
2019,Barcelona,"Vallvidrera, el Tibidabo i les Planes",employed population (%),,65.4
2019,Barcelona,"Vallvidrera, el Tibidabo i les Planes",low-skilled workers (%),,4.2
2019,Barcelona,"Vallvidrera, el Tibidabo i les Planes",population with low studies (%),,7.4
2019,Barcelona,"Vallvidrera, el Tibidabo i les Planes",young population without post-compulsory education (%),,15.8
2019,Barcelona,"Vallvidrera, el Tibidabo i les Planes",foreign population from low or middle income countries (%),,4.4
2019,Barcelona,"Vallvidrera, el Tibidabo i les Planes",average income per person (€),,21641
2019,Barcelona,Sarrià,employed population (%),,66.9
2019,Barcelona,Sarrià,low-skilled workers (%),,2.3
2019,Barcelona,Sarrià,population with low studies (%),,5.9
2019,Barcelona,Sarrià,young population without post-compulsory education (%),,6.9
2019,Barcelona,Sarrià,foreign population from low or middle income countries (%),,5.3
2019,Barcelona,Sarrià,average income per person (€),,26756
2019,Barcelona,les Tres Torres,employed population (%),,67.4
2019,Barcelona,les Tres Torres,low-skilled workers (%),,1.8
2019,Barcelona,les Tres Torres,population with low studies (%),,3.8
2019,Barcelona,les Tres Torres,young population without post-compulsory education (%),,5.5
2019,Barcelona,les Tres Torres,foreign population from low or middle income countries (%),,4
2019,Barcelona,les Tres Torres,average income per person (€),,31059
2019,Barcelona,Sant Gervasi-la Bonanova,employed population (%),,66.7
2019,Barcelona,Sant Gervasi-la Bonanova,low-skilled workers (%),,2.7
2019,Barcelona,Sant Gervasi-la Bonanova,population with low studies (%),,4.7
2019,Barcelona,Sant Gervasi-la Bonanova,young population without post-compulsory education (%),,7.2
2019,Barcelona,Sant Gervasi-la Bonanova,foreign population from low or middle income countries (%),,6.6
2019,Barcelona,Sant Gervasi-la Bonanova,average income per person (€),,27356
2019,Barcelona,Sant Gervasi-Galvany,employed population (%),,66.9
2019,Barcelona,Sant Gervasi-Galvany,low-skilled workers (%),,2.4
2019,Barcelona,Sant Gervasi-Galvany,population with low studies (%),,4.2
2019,Barcelona,Sant Gervasi-Galvany,young population without post-compulsory education (%),,5.3
2019,Barcelona,Sant Gervasi-Galvany,foreign population from low or middle income countries (%),,5.8
2019,Barcelona,Sant Gervasi-Galvany,average income per person (€),,26945
2019,Barcelona,el Putxet i el Farró,employed population (%),,69
2019,Barcelona,el Putxet i el Farró,low-skilled workers (%),,2.7
2019,Barcelona,el Putxet i el Farró,population with low studies (%),,4.8
2019,Barcelona,el Putxet i el Farró,young population without post-compulsory education (%),,6.1
2019,Barcelona,el Putxet i el Farró,foreign population from low or middle income countries (%),,6.8
2019,Barcelona,el Putxet i el Farró,average income per person (€),,22197
2019,Barcelona,Vallcarca i els Penitents,employed population (%),,69.8
2019,Barcelona,Vallcarca i els Penitents,low-skilled workers (%),,4.6
2019,Barcelona,Vallcarca i els Penitents,population with low studies (%),,8.9
2019,Barcelona,Vallcarca i els Penitents,young population without post-compulsory education (%),,11.3
2019,Barcelona,Vallcarca i els Penitents,foreign population from low or middle income countries (%),,8.1
2019,Barcelona,Vallcarca i els Penitents,average income per person (€),,19157
2019,Barcelona,el Coll,employed population (%),,67.9
2019,Barcelona,el Coll,low-skilled workers (%),,7.1
2019,Barcelona,el Coll,population with low studies (%),,11.6
2019,Barcelona,el Coll,young population without post-compulsory education (%),,16
2019,Barcelona,el Coll,foreign population from low or middle income countries (%),,10
2019,Barcelona,el Coll,average income per person (€),,15717
2019,Barcelona,la Salut,employed population (%),,68.5
2019,Barcelona,la Salut,low-skilled workers (%),,4.3
2019,Barcelona,la Salut,population with low studies (%),,9.3
2019,Barcelona,la Salut,young population without post-compulsory education (%),,10.5
2019,Barcelona,la Salut,foreign population from low or middle income countries (%),,8.2
2019,Barcelona,la Salut,average income per person (€),,19047
2019,Barcelona,la Vila de Gràcia,employed population (%),,67.7
2019,Barcelona,la Vila de Gràcia,low-skilled workers (%),,3.9
2019,Barcelona,la Vila de Gràcia,population with low studies (%),,9
2019,Barcelona,la Vila de Gràcia,young population without post-compulsory education (%),,9.2
2019,Barcelona,la Vila de Gràcia,foreign population from low or middle income countries (%),,9
2019,Barcelona,la Vila de Gràcia,average income per person (€),,17736
2019,Barcelona,el Camp d'en Grassot i Gràcia Nova,employed population (%),,68.2
2019,Barcelona,el Camp d'en Grassot i Gràcia Nova,low-skilled workers (%),,4
2019,Barcelona,el Camp d'en Grassot i Gràcia Nova,population with low studies (%),,9.2
2019,Barcelona,el Camp d'en Grassot i Gràcia Nova,young population without post-compulsory education (%),,10.3
2019,Barcelona,el Camp d'en Grassot i Gràcia Nova,foreign population from low or middle income countries (%),,8.8
2019,Barcelona,el Camp d'en Grassot i Gràcia Nova,average income per person (€),,18956
2019,Barcelona,el Baix Guinardó,employed population (%),,68.4
2019,Barcelona,el Baix Guinardó,low-skilled workers (%),,5.4
2019,Barcelona,el Baix Guinardó,population with low studies (%),,12.1
2019,Barcelona,el Baix Guinardó,young population without post-compulsory education (%),,12.5
2019,Barcelona,el Baix Guinardó,foreign population from low or middle income countries (%),,9.8
2019,Barcelona,el Baix Guinardó,average income per person (€),,16600
2019,Barcelona,Can Baró,employed population (%),,67.2
2019,Barcelona,Can Baró,low-skilled workers (%),,7.7
2019,Barcelona,Can Baró,population with low studies (%),,13.9
2019,Barcelona,Can Baró,young population without post-compulsory education (%),,17.4
2019,Barcelona,Can Baró,foreign population from low or middle income countries (%),,10.4
2019,Barcelona,Can Baró,average income per person (€),,15099
2019,Barcelona,el Guinardó,employed population (%),,68.9
2019,Barcelona,el Guinardó,low-skilled workers (%),,7.1
2019,Barcelona,el Guinardó,population with low studies (%),,12.3
2019,Barcelona,el Guinardó,young population without post-compulsory education (%),,15
2019,Barcelona,el Guinardó,foreign population from low or middle income countries (%),,11.3
2019,Barcelona,el Guinardó,average income per person (€),,15912
2019,Barcelona,la Font d'en Fargues,employed population (%),,71.6
2019,Barcelona,la Font d'en Fargues,low-skilled workers (%),,4.8
2019,Barcelona,la Font d'en Fargues,population with low studies (%),,10.8
2019,Barcelona,la Font d'en Fargues,young population without post-compulsory education (%),,12.2
2019,Barcelona,la Font d'en Fargues,foreign population from low or middle income countries (%),,4.3
2019,Barcelona,la Font d'en Fargues,average income per person (€),,18585
2019,Barcelona,el Carmel,employed population (%),,66.5
2019,Barcelona,el Carmel,low-skilled workers (%),,13.5
2019,Barcelona,el Carmel,population with low studies (%),,20.5
2019,Barcelona,el Carmel,young population without post-compulsory education (%),,28.6
2019,Barcelona,el Carmel,foreign population from low or middle income countries (%),,13.7
2019,Barcelona,el Carmel,average income per person (€),,11865
2019,Barcelona,la Teixonera,employed population (%),,67.7
2019,Barcelona,la Teixonera,low-skilled workers (%),,10.6
2019,Barcelona,la Teixonera,population with low studies (%),,18
2019,Barcelona,la Teixonera,young population without post-compulsory education (%),,22.2
2019,Barcelona,la Teixonera,foreign population from low or middle income countries (%),,12.4
2019,Barcelona,la Teixonera,average income per person (€),,12879
2019,Barcelona,Sant Genís dels Agudells,employed population (%),,67.3
2019,Barcelona,Sant Genís dels Agudells,low-skilled workers (%),,9.5
2019,Barcelona,Sant Genís dels Agudells,population with low studies (%),,18.9
2019,Barcelona,Sant Genís dels Agudells,young population without post-compulsory education (%),,22.5
2019,Barcelona,Sant Genís dels Agudells,foreign population from low or middle income countries (%),,13.6
2019,Barcelona,Sant Genís dels Agudells,average income per person (€),,13641
2019,Barcelona,Montbau,employed population (%),,68.4
2019,Barcelona,Montbau,low-skilled workers (%),,5.6
2019,Barcelona,Montbau,population with low studies (%),,17.8
2019,Barcelona,Montbau,young population without post-compulsory education (%),,14.9
2019,Barcelona,Montbau,foreign population from low or middle income countries (%),,9.9
2019,Barcelona,Montbau,average income per person (€),,15030
2019,Barcelona,la Vall d'Hebron,employed population (%),,70.6
2019,Barcelona,la Vall d'Hebron,low-skilled workers (%),,4.5
2019,Barcelona,la Vall d'Hebron,population with low studies (%),,13.2
2019,Barcelona,la Vall d'Hebron,young population without post-compulsory education (%),,14
2019,Barcelona,la Vall d'Hebron,foreign population from low or middle income countries (%),,6.8
2019,Barcelona,la Vall d'Hebron,average income per person (€),,17526
2019,Barcelona,la Clota,employed population (%),,70.1
2019,Barcelona,la Clota,low-skilled workers (%),,8
2019,Barcelona,la Clota,population with low studies (%),,14
2019,Barcelona,la Clota,young population without post-compulsory education (%),,28.7
2019,Barcelona,la Clota,foreign population from low or middle income countries (%),,11.7
2019,Barcelona,la Clota,average income per person (€),,14228
2019,Barcelona,Horta,employed population (%),,66.7
2019,Barcelona,Horta,low-skilled workers (%),,8.3
2019,Barcelona,Horta,population with low studies (%),,16.8
2019,Barcelona,Horta,young population without post-compulsory education (%),,19.1
2019,Barcelona,Horta,foreign population from low or middle income countries (%),,11
2019,Barcelona,Horta,average income per person (€),,15432
2019,Barcelona,Vilapicina i la Torre Llobeta,employed population (%),,68
2019,Barcelona,Vilapicina i la Torre Llobeta,low-skilled workers (%),,9
2019,Barcelona,Vilapicina i la Torre Llobeta,population with low studies (%),,15.8
2019,Barcelona,Vilapicina i la Torre Llobeta,young population without post-compulsory education (%),,20.5
2019,Barcelona,Vilapicina i la Torre Llobeta,foreign population from low or middle income countries (%),,12.8
2019,Barcelona,Vilapicina i la Torre Llobeta,average income per person (€),,14772
2019,Barcelona,Porta,employed population (%),,62.9
2019,Barcelona,Porta,low-skilled workers (%),,11.6
2019,Barcelona,Porta,population with low studies (%),,19.8
2019,Barcelona,Porta,young population without post-compulsory education (%),,27.9
2019,Barcelona,Porta,foreign population from low or middle income countries (%),,17.9
2019,Barcelona,Porta,average income per person (€),,13194
2019,Barcelona,el Turó de la Peira,employed population (%),,64
2019,Barcelona,el Turó de la Peira,low-skilled workers (%),,16.8
2019,Barcelona,el Turó de la Peira,population with low studies (%),,20.9
2019,Barcelona,el Turó de la Peira,young population without post-compulsory education (%),,31.2
2019,Barcelona,el Turó de la Peira,foreign population from low or middle income countries (%),,21.2
2019,Barcelona,el Turó de la Peira,average income per person (€),,11057
2019,Barcelona,Can Peguera,employed population (%),,53.3
2019,Barcelona,Can Peguera,low-skilled workers (%),,19.2
2019,Barcelona,Can Peguera,population with low studies (%),,20.1
2019,Barcelona,Can Peguera,young population without post-compulsory education (%),,44.2
2019,Barcelona,Can Peguera,foreign population from low or middle income countries (%),,8.8
2019,Barcelona,Can Peguera,average income per person (€),,10403
2019,Barcelona,la Guineueta,employed population (%),,68.4
2019,Barcelona,la Guineueta,low-skilled workers (%),,9
2019,Barcelona,la Guineueta,population with low studies (%),,18.8
2019,Barcelona,la Guineueta,young population without post-compulsory education (%),,21.3
2019,Barcelona,la Guineueta,foreign population from low or middle income countries (%),,8.2
2019,Barcelona,la Guineueta,average income per person (€),,14829
2019,Barcelona,Canyelles,employed population (%),,65.5
2019,Barcelona,Canyelles,low-skilled workers (%),,14.1
2019,Barcelona,Canyelles,population with low studies (%),,20.6
2019,Barcelona,Canyelles,young population without post-compulsory education (%),,27.1
2019,Barcelona,Canyelles,foreign population from low or middle income countries (%),,5.1
2019,Barcelona,Canyelles,average income per person (€),,13963
2019,Barcelona,les Roquetes,employed population (%),,60.6
2019,Barcelona,les Roquetes,low-skilled workers (%),,22.2
2019,Barcelona,les Roquetes,population with low studies (%),,21.4
2019,Barcelona,les Roquetes,young population without post-compulsory education (%),,42.4
2019,Barcelona,les Roquetes,foreign population from low or middle income countries (%),,21.5
2019,Barcelona,les Roquetes,average income per person (€),,10132
2019,Barcelona,Verdun,employed population (%),,62.8
2019,Barcelona,Verdun,low-skilled workers (%),,17
2019,Barcelona,Verdun,population with low studies (%),,21.4
2019,Barcelona,Verdun,young population without post-compulsory education (%),,35.8
2019,Barcelona,Verdun,foreign population from low or middle income countries (%),,19.7
2019,Barcelona,Verdun,average income per person (€),,10920
2019,Barcelona,la Prosperitat,employed population (%),,66.7
2019,Barcelona,la Prosperitat,low-skilled workers (%),,14.2
2019,Barcelona,la Prosperitat,population with low studies (%),,21.3
2019,Barcelona,la Prosperitat,young population without post-compulsory education (%),,29.8
2019,Barcelona,la Prosperitat,foreign population from low or middle income countries (%),,14.9
2019,Barcelona,la Prosperitat,average income per person (€),,12208
2019,Barcelona,la Trinitat Nova,employed population (%),,57.9
2019,Barcelona,la Trinitat Nova,low-skilled workers (%),,21
2019,Barcelona,la Trinitat Nova,population with low studies (%),,19.6
2019,Barcelona,la Trinitat Nova,young population without post-compulsory education (%),,47.1
2019,Barcelona,la Trinitat Nova,foreign population from low or middle income countries (%),,21.5
2019,Barcelona,la Trinitat Nova,average income per person (€),,9629
2019,Barcelona,Torre Baró,employed population (%),,54.6
2019,Barcelona,Torre Baró,low-skilled workers (%),,23
2019,Barcelona,Torre Baró,population with low studies (%),,18.3
2019,Barcelona,Torre Baró,young population without post-compulsory education (%),,50
2019,Barcelona,Torre Baró,foreign population from low or middle income countries (%),,16
2019,Barcelona,Torre Baró,average income per person (€),,9078
2019,Barcelona,Ciutat Meridiana,employed population (%),,55.9
2019,Barcelona,Ciutat Meridiana,low-skilled workers (%),,25.7
2019,Barcelona,Ciutat Meridiana,population with low studies (%),,23.1
2019,Barcelona,Ciutat Meridiana,young population without post-compulsory education (%),,48.8
2019,Barcelona,Ciutat Meridiana,foreign population from low or middle income countries (%),,30.2
2019,Barcelona,Ciutat Meridiana,average income per person (€),,8492
2019,Barcelona,Vallbona,employed population (%),,56.4
2019,Barcelona,Vallbona,low-skilled workers (%),,20.8
2019,Barcelona,Vallbona,population with low studies (%),,23
2019,Barcelona,Vallbona,young population without post-compulsory education (%),,53.9
2019,Barcelona,Vallbona,foreign population from low or middle income countries (%),,12.7
2019,Barcelona,Vallbona,average income per person (€),,9521
2019,Barcelona,la Trinitat Vella,employed population (%),,58.7
2019,Barcelona,la Trinitat Vella,low-skilled workers (%),,22.1
2019,Barcelona,la Trinitat Vella,population with low studies (%),,21.1
2019,Barcelona,la Trinitat Vella,young population without post-compulsory education (%),,44
2019,Barcelona,la Trinitat Vella,foreign population from low or middle income countries (%),,29
2019,Barcelona,la Trinitat Vella,average income per person (€),,9412
2019,Barcelona,Baró de Viver,employed population (%),,55
2019,Barcelona,Baró de Viver,low-skilled workers (%),,22
2019,Barcelona,Baró de Viver,population with low studies (%),,20.3
2019,Barcelona,Baró de Viver,young population without post-compulsory education (%),,49.4
2019,Barcelona,Baró de Viver,foreign population from low or middle income countries (%),,12.9
2019,Barcelona,Baró de Viver,average income per person (€),,9394
2019,Barcelona,el Bon Pastor,employed population (%),,61.9
2019,Barcelona,el Bon Pastor,low-skilled workers (%),,15.4
2019,Barcelona,el Bon Pastor,population with low studies (%),,19.1
2019,Barcelona,el Bon Pastor,young population without post-compulsory education (%),,40.1
2019,Barcelona,el Bon Pastor,foreign population from low or middle income countries (%),,15.7
2019,Barcelona,el Bon Pastor,average income per person (€),,12009
2019,Barcelona,Sant Andreu,employed population (%),,70.8
2019,Barcelona,Sant Andreu,low-skilled workers (%),,6.3
2019,Barcelona,Sant Andreu,population with low studies (%),,13.4
2019,Barcelona,Sant Andreu,young population without post-compulsory education (%),,16.2
2019,Barcelona,Sant Andreu,foreign population from low or middle income countries (%),,6.4
2019,Barcelona,Sant Andreu,average income per person (€),,16147
2019,Barcelona,la Sagrera,employed population (%),,68.3
2019,Barcelona,la Sagrera,low-skilled workers (%),,8.3
2019,Barcelona,la Sagrera,population with low studies (%),,13.9
2019,Barcelona,la Sagrera,young population without post-compulsory education (%),,17.1
2019,Barcelona,la Sagrera,foreign population from low or middle income countries (%),,11.3
2019,Barcelona,la Sagrera,average income per person (€),,15056
2019,Barcelona,el Congrés i els Indians,employed population (%),,69.1
2019,Barcelona,el Congrés i els Indians,low-skilled workers (%),,8.1
2019,Barcelona,el Congrés i els Indians,population with low studies (%),,14.3
2019,Barcelona,el Congrés i els Indians,young population without post-compulsory education (%),,18.5
2019,Barcelona,el Congrés i els Indians,foreign population from low or middle income countries (%),,12.2
2019,Barcelona,el Congrés i els Indians,average income per person (€),,15104
2019,Barcelona,Navas,employed population (%),,68.9
2019,Barcelona,Navas,low-skilled workers (%),,7.7
2019,Barcelona,Navas,population with low studies (%),,13.1
2019,Barcelona,Navas,young population without post-compulsory education (%),,16.2
2019,Barcelona,Navas,foreign population from low or middle income countries (%),,11.9
2019,Barcelona,Navas,average income per person (€),,15426
2019,Barcelona,el Camp de l'Arpa del Clot,employed population (%),,67.8
2019,Barcelona,el Camp de l'Arpa del Clot,low-skilled workers (%),,6.4
2019,Barcelona,el Camp de l'Arpa del Clot,population with low studies (%),,12.1
2019,Barcelona,el Camp de l'Arpa del Clot,young population without post-compulsory education (%),,14.6
2019,Barcelona,el Camp de l'Arpa del Clot,foreign population from low or middle income countries (%),,12.5
2019,Barcelona,el Camp de l'Arpa del Clot,average income per person (€),,15783
2019,Barcelona,el Clot,employed population (%),,67.8
2019,Barcelona,el Clot,low-skilled workers (%),,6.9
2019,Barcelona,el Clot,population with low studies (%),,11.7
2019,Barcelona,el Clot,young population without post-compulsory education (%),,16
2019,Barcelona,el Clot,foreign population from low or middle income countries (%),,10.7
2019,Barcelona,el Clot,average income per person (€),,15552
2019,Barcelona,el Parc i la Llacuna del Poblenou,employed population (%),,65.4
2019,Barcelona,el Parc i la Llacuna del Poblenou,low-skilled workers (%),,5
2019,Barcelona,el Parc i la Llacuna del Poblenou,population with low studies (%),,11.1
2019,Barcelona,el Parc i la Llacuna del Poblenou,young population without post-compulsory education (%),,14.1
2019,Barcelona,el Parc i la Llacuna del Poblenou,foreign population from low or middle income countries (%),,12.4
2019,Barcelona,el Parc i la Llacuna del Poblenou,average income per person (€),,16260
2019,Barcelona,la Vila Olímpica del Poblenou,employed population (%),,65.5
2019,Barcelona,la Vila Olímpica del Poblenou,low-skilled workers (%),,1.9
2019,Barcelona,la Vila Olímpica del Poblenou,population with low studies (%),,4.5
2019,Barcelona,la Vila Olímpica del Poblenou,young population without post-compulsory education (%),,6.7
2019,Barcelona,la Vila Olímpica del Poblenou,foreign population from low or middle income countries (%),,6.5
2019,Barcelona,la Vila Olímpica del Poblenou,average income per person (€),,23564
2019,Barcelona,el Poblenou,employed population (%),,69.8
2019,Barcelona,el Poblenou,low-skilled workers (%),,4.7
2019,Barcelona,el Poblenou,population with low studies (%),,11.5
2019,Barcelona,el Poblenou,young population without post-compulsory education (%),,14.7
2019,Barcelona,el Poblenou,foreign population from low or middle income countries (%),,9.3
2019,Barcelona,el Poblenou,average income per person (€),,16761
2019,Barcelona,Diagonal Mar i el Front Marítim del Poblenou,employed population (%),,68.3
2019,Barcelona,Diagonal Mar i el Front Marítim del Poblenou,low-skilled workers (%),,3.5
2019,Barcelona,Diagonal Mar i el Front Marítim del Poblenou,population with low studies (%),,10.7
2019,Barcelona,Diagonal Mar i el Front Marítim del Poblenou,young population without post-compulsory education (%),,13.9
2019,Barcelona,Diagonal Mar i el Front Marítim del Poblenou,foreign population from low or middle income countries (%),,10.6
2019,Barcelona,Diagonal Mar i el Front Marítim del Poblenou,average income per person (€),,18982
2019,Barcelona,el Besòs i el Maresme,employed population (%),,55
2019,Barcelona,el Besòs i el Maresme,low-skilled workers (%),,17.5
2019,Barcelona,el Besòs i el Maresme,population with low studies (%),,22.5
2019,Barcelona,el Besòs i el Maresme,young population without post-compulsory education (%),,42.3
2019,Barcelona,el Besòs i el Maresme,foreign population from low or middle income countries (%),,28.8
2019,Barcelona,el Besòs i el Maresme,average income per person (€),,10318
2019,Barcelona,Provençals del Poblenou,employed population (%),,68.4
2019,Barcelona,Provençals del Poblenou,low-skilled workers (%),,7.5
2019,Barcelona,Provençals del Poblenou,population with low studies (%),,13.6
2019,Barcelona,Provençals del Poblenou,young population without post-compulsory education (%),,19.7
2019,Barcelona,Provençals del Poblenou,foreign population from low or middle income countries (%),,10.8
2019,Barcelona,Provençals del Poblenou,average income per person (€),,14906
2019,Barcelona,Sant Martí de Provençals,employed population (%),,67
2019,Barcelona,Sant Martí de Provençals,low-skilled workers (%),,8.4
2019,Barcelona,Sant Martí de Provençals,population with low studies (%),,17.6
2019,Barcelona,Sant Martí de Provençals,young population without post-compulsory education (%),,21.3
2019,Barcelona,Sant Martí de Provençals,foreign population from low or middle income countries (%),,10.7
2019,Barcelona,Sant Martí de Provençals,average income per person (€),,14360
2019,Barcelona,la Verneda i la Pau,employed population (%),,64.8
2019,Barcelona,la Verneda i la Pau,low-skilled workers (%),,11.6
2019,Barcelona,la Verneda i la Pau,population with low studies (%),,20.2
2019,Barcelona,la Verneda i la Pau,young population without post-compulsory education (%),,27.2
2019,Barcelona,la Verneda i la Pau,foreign population from low or middle income countries (%),,11.6
2019,Barcelona,la Verneda i la Pau,average income per person (€),,13037
2019,Barcelona,total,employed population (%),,65.4
2019,Barcelona,total,low-skilled workers (%),,7.7
2019,Barcelona,total,population with low studies (%),,12.8
2019,Barcelona,total,young population without post-compulsory education (%),,17.9
2019,Barcelona,total,foreign population from low or middle income countries (%),,13.2
2019,Barcelona,total,average income per person (€),,16894
2020,Barcelona,el Raval,employed population (%),,52.9
2020,Barcelona,el Raval,low-skilled workers (%),,13.4
2020,Barcelona,el Raval,population with low studies (%),,15.8
2020,Barcelona,el Raval,young population without post-compulsory education (%),,30.4
2020,Barcelona,el Raval,foreign population from low or middle income countries (%),,40.5
2020,Barcelona,el Raval,average income per person (€),,9324
2020,Barcelona,el Barri Gòtic,employed population (%),,40.7
2020,Barcelona,el Barri Gòtic,low-skilled workers (%),,10.2
2020,Barcelona,el Barri Gòtic,population with low studies (%),,18
2020,Barcelona,el Barri Gòtic,young population without post-compulsory education (%),,34.6
2020,Barcelona,el Barri Gòtic,foreign population from low or middle income countries (%),,42
2020,Barcelona,el Barri Gòtic,average income per person (€),,12896
2020,Barcelona,la Barceloneta,employed population (%),,55.4
2020,Barcelona,la Barceloneta,low-skilled workers (%),,9.3
2020,Barcelona,la Barceloneta,population with low studies (%),,14.2
2020,Barcelona,la Barceloneta,young population without post-compulsory education (%),,17.2
2020,Barcelona,la Barceloneta,foreign population from low or middle income countries (%),,19.8
2020,Barcelona,la Barceloneta,average income per person (€),,12297
2020,Barcelona,"Sant Pere, Santa Caterina i la Ribera",employed population (%),,54.8
2020,Barcelona,"Sant Pere, Santa Caterina i la Ribera",low-skilled workers (%),,7.3
2020,Barcelona,"Sant Pere, Santa Caterina i la Ribera",population with low studies (%),,9.9
2020,Barcelona,"Sant Pere, Santa Caterina i la Ribera",young population without post-compulsory education (%),,13.6
2020,Barcelona,"Sant Pere, Santa Caterina i la Ribera",foreign population from low or middle income countries (%),,21.6
2020,Barcelona,"Sant Pere, Santa Caterina i la Ribera",average income per person (€),,13480
2020,Barcelona,el Fort Pienc,employed population (%),,61
2020,Barcelona,el Fort Pienc,low-skilled workers (%),,4.9
2020,Barcelona,el Fort Pienc,population with low studies (%),,8.9
2020,Barcelona,el Fort Pienc,young population without post-compulsory education (%),,11.2
2020,Barcelona,el Fort Pienc,foreign population from low or middle income countries (%),,16.9
2020,Barcelona,el Fort Pienc,average income per person (€),,17368
2020,Barcelona,la Sagrada Família,employed population (%),,63.6
2020,Barcelona,la Sagrada Família,low-skilled workers (%),,5.2
2020,Barcelona,la Sagrada Família,population with low studies (%),,9.9
2020,Barcelona,la Sagrada Família,young population without post-compulsory education (%),,10.3
2020,Barcelona,la Sagrada Família,foreign population from low or middle income countries (%),,14.9
2020,Barcelona,la Sagrada Família,average income per person (€),,17017
2020,Barcelona,la Dreta de l'Eixample,employed population (%),,61.5
2020,Barcelona,la Dreta de l'Eixample,low-skilled workers (%),,2.7
2020,Barcelona,la Dreta de l'Eixample,population with low studies (%),,6.2
2020,Barcelona,la Dreta de l'Eixample,young population without post-compulsory education (%),,7.6
2020,Barcelona,la Dreta de l'Eixample,foreign population from low or middle income countries (%),,10.9
2020,Barcelona,la Dreta de l'Eixample,average income per person (€),,21540
2020,Barcelona,l'Antiga Esquerra de l'Eixample,employed population (%),,61.2
2020,Barcelona,l'Antiga Esquerra de l'Eixample,low-skilled workers (%),,3.6
2020,Barcelona,l'Antiga Esquerra de l'Eixample,population with low studies (%),,6.6
2020,Barcelona,l'Antiga Esquerra de l'Eixample,young population without post-compulsory education (%),,7.9
2020,Barcelona,l'Antiga Esquerra de l'Eixample,foreign population from low or middle income countries (%),,14
2020,Barcelona,l'Antiga Esquerra de l'Eixample,average income per person (€),,20484
2020,Barcelona,la Nova Esquerra de l'Eixample,employed population (%),,63.6
2020,Barcelona,la Nova Esquerra de l'Eixample,low-skilled workers (%),,4.4
2020,Barcelona,la Nova Esquerra de l'Eixample,population with low studies (%),,7.7
2020,Barcelona,la Nova Esquerra de l'Eixample,young population without post-compulsory education (%),,8.3
2020,Barcelona,la Nova Esquerra de l'Eixample,foreign population from low or middle income countries (%),,13.2
2020,Barcelona,la Nova Esquerra de l'Eixample,average income per person (€),,19127
2020,Barcelona,Sant Antoni,employed population (%),,63.6
2020,Barcelona,Sant Antoni,low-skilled workers (%),,5.4
2020,Barcelona,Sant Antoni,population with low studies (%),,10.3
2020,Barcelona,Sant Antoni,young population without post-compulsory education (%),,12.7
2020,Barcelona,Sant Antoni,foreign population from low or middle income countries (%),,15.3
2020,Barcelona,Sant Antoni,average income per person (€),,16900
2020,Barcelona,el Poble Sec,employed population (%),,59.4
2020,Barcelona,el Poble Sec,low-skilled workers (%),,9.7
2020,Barcelona,el Poble Sec,population with low studies (%),,13.5
2020,Barcelona,el Poble Sec,young population without post-compulsory education (%),,21.4
2020,Barcelona,el Poble Sec,foreign population from low or middle income countries (%),,22.5
2020,Barcelona,el Poble Sec,average income per person (€),,12513
2020,Barcelona,la Marina del Prat Vermell,employed population (%),,50.7
2020,Barcelona,la Marina del Prat Vermell,low-skilled workers (%),,20.2
2020,Barcelona,la Marina del Prat Vermell,population with low studies (%),,24.8
2020,Barcelona,la Marina del Prat Vermell,young population without post-compulsory education (%),,50.4
2020,Barcelona,la Marina del Prat Vermell,foreign population from low or middle income countries (%),,12.4
2020,Barcelona,la Marina del Prat Vermell,average income per person (€),,11159
2020,Barcelona,la Marina de Port,employed population (%),,61.7
2020,Barcelona,la Marina de Port,low-skilled workers (%),,11.6
2020,Barcelona,la Marina de Port,population with low studies (%),,16
2020,Barcelona,la Marina de Port,young population without post-compulsory education (%),,27.2
2020,Barcelona,la Marina de Port,foreign population from low or middle income countries (%),,15.2
2020,Barcelona,la Marina de Port,average income per person (€),,12970
2020,Barcelona,la Font de la Guatlla,employed population (%),,62.9
2020,Barcelona,la Font de la Guatlla,low-skilled workers (%),,6.3
2020,Barcelona,la Font de la Guatlla,population with low studies (%),,12.7
2020,Barcelona,la Font de la Guatlla,young population without post-compulsory education (%),,13.8
2020,Barcelona,la Font de la Guatlla,foreign population from low or middle income countries (%),,15
2020,Barcelona,la Font de la Guatlla,average income per person (€),,15828
2020,Barcelona,Hostafrancs,employed population (%),,61.8
2020,Barcelona,Hostafrancs,low-skilled workers (%),,6.9
2020,Barcelona,Hostafrancs,population with low studies (%),,11.6
2020,Barcelona,Hostafrancs,young population without post-compulsory education (%),,17.4
2020,Barcelona,Hostafrancs,foreign population from low or middle income countries (%),,18
2020,Barcelona,Hostafrancs,average income per person (€),,14891
2020,Barcelona,la Bordeta,employed population (%),,65.7
2020,Barcelona,la Bordeta,low-skilled workers (%),,7.1
2020,Barcelona,la Bordeta,population with low studies (%),,13.9
2020,Barcelona,la Bordeta,young population without post-compulsory education (%),,16.8
2020,Barcelona,la Bordeta,foreign population from low or middle income countries (%),,11.9
2020,Barcelona,la Bordeta,average income per person (€),,15350
2020,Barcelona,Sants-Badal,employed population (%),,62.8
2020,Barcelona,Sants-Badal,low-skilled workers (%),,8.7
2020,Barcelona,Sants-Badal,population with low studies (%),,13.9
2020,Barcelona,Sants-Badal,young population without post-compulsory education (%),,17.9
2020,Barcelona,Sants-Badal,foreign population from low or middle income countries (%),,16.7
2020,Barcelona,Sants-Badal,average income per person (€),,14779
2020,Barcelona,Sants,employed population (%),,62.1
2020,Barcelona,Sants,low-skilled workers (%),,6.6
2020,Barcelona,Sants,population with low studies (%),,12.7
2020,Barcelona,Sants,young population without post-compulsory education (%),,19.2
2020,Barcelona,Sants,foreign population from low or middle income countries (%),,17.9
2020,Barcelona,Sants,average income per person (€),,16494
2020,Barcelona,les Corts,employed population (%),,65.2
2020,Barcelona,les Corts,low-skilled workers (%),,3.3
2020,Barcelona,les Corts,population with low studies (%),,8
2020,Barcelona,les Corts,young population without post-compulsory education (%),,7.8
2020,Barcelona,les Corts,foreign population from low or middle income countries (%),,8.9
2020,Barcelona,les Corts,average income per person (€),,21684
2020,Barcelona,la Maternitat i Sant Ramon,employed population (%),,65.1
2020,Barcelona,la Maternitat i Sant Ramon,low-skilled workers (%),,3.9
2020,Barcelona,la Maternitat i Sant Ramon,population with low studies (%),,10
2020,Barcelona,la Maternitat i Sant Ramon,young population without post-compulsory education (%),,7.9
2020,Barcelona,la Maternitat i Sant Ramon,foreign population from low or middle income countries (%),,9.5
2020,Barcelona,la Maternitat i Sant Ramon,average income per person (€),,19583
2020,Barcelona,Pedralbes,employed population (%),,60.1
2020,Barcelona,Pedralbes,low-skilled workers (%),,1.6
2020,Barcelona,Pedralbes,population with low studies (%),,4.6
2020,Barcelona,Pedralbes,young population without post-compulsory education (%),,6.4
2020,Barcelona,Pedralbes,foreign population from low or middle income countries (%),,9.2
2020,Barcelona,Pedralbes,average income per person (€),,28830
2020,Barcelona,"Vallvidrera, el Tibidabo i les Planes",employed population (%),,64.3
2020,Barcelona,"Vallvidrera, el Tibidabo i les Planes",low-skilled workers (%),,3.7
2020,Barcelona,"Vallvidrera, el Tibidabo i les Planes",population with low studies (%),,7.1
2020,Barcelona,"Vallvidrera, el Tibidabo i les Planes",young population without post-compulsory education (%),,14.7
2020,Barcelona,"Vallvidrera, el Tibidabo i les Planes",foreign population from low or middle income countries (%),,4.6
2020,Barcelona,"Vallvidrera, el Tibidabo i les Planes",average income per person (€),,19833
2020,Barcelona,Sarrià,employed population (%),,65.6
2020,Barcelona,Sarrià,low-skilled workers (%),,2
2020,Barcelona,Sarrià,population with low studies (%),,5.6
2020,Barcelona,Sarrià,young population without post-compulsory education (%),,5.9
2020,Barcelona,Sarrià,foreign population from low or middle income countries (%),,5.7
2020,Barcelona,Sarrià,average income per person (€),,25735
2020,Barcelona,les Tres Torres,employed population (%),,66.2
2020,Barcelona,les Tres Torres,low-skilled workers (%),,1.7
2020,Barcelona,les Tres Torres,population with low studies (%),,3.5
2020,Barcelona,les Tres Torres,young population without post-compulsory education (%),,5.1
2020,Barcelona,les Tres Torres,foreign population from low or middle income countries (%),,4.4
2020,Barcelona,les Tres Torres,average income per person (€),,30242
2020,Barcelona,Sant Gervasi-la Bonanova,employed population (%),,64.8
2020,Barcelona,Sant Gervasi-la Bonanova,low-skilled workers (%),,2.4
2020,Barcelona,Sant Gervasi-la Bonanova,population with low studies (%),,4.4
2020,Barcelona,Sant Gervasi-la Bonanova,young population without post-compulsory education (%),,6.4
2020,Barcelona,Sant Gervasi-la Bonanova,foreign population from low or middle income countries (%),,7.7
2020,Barcelona,Sant Gervasi-la Bonanova,average income per person (€),,26552
2020,Barcelona,Sant Gervasi-Galvany,employed population (%),,65.3
2020,Barcelona,Sant Gervasi-Galvany,low-skilled workers (%),,2
2020,Barcelona,Sant Gervasi-Galvany,population with low studies (%),,3.8
2020,Barcelona,Sant Gervasi-Galvany,young population without post-compulsory education (%),,4.6
2020,Barcelona,Sant Gervasi-Galvany,foreign population from low or middle income countries (%),,6.3
2020,Barcelona,Sant Gervasi-Galvany,average income per person (€),,26583
2020,Barcelona,el Putxet i el Farró,employed population (%),,66.1
2020,Barcelona,el Putxet i el Farró,low-skilled workers (%),,2.4
2020,Barcelona,el Putxet i el Farró,population with low studies (%),,4.4
2020,Barcelona,el Putxet i el Farró,young population without post-compulsory education (%),,5.7
2020,Barcelona,el Putxet i el Farró,foreign population from low or middle income countries (%),,7.8
2020,Barcelona,el Putxet i el Farró,average income per person (€),,21057
2020,Barcelona,Vallcarca i els Penitents,employed population (%),,67.1
2020,Barcelona,Vallcarca i els Penitents,low-skilled workers (%),,4.3
2020,Barcelona,Vallcarca i els Penitents,population with low studies (%),,8.5
2020,Barcelona,Vallcarca i els Penitents,young population without post-compulsory education (%),,9.9
2020,Barcelona,Vallcarca i els Penitents,foreign population from low or middle income countries (%),,9
2020,Barcelona,Vallcarca i els Penitents,average income per person (€),,19169
2020,Barcelona,el Coll,employed population (%),,64.8
2020,Barcelona,el Coll,low-skilled workers (%),,6.8
2020,Barcelona,el Coll,population with low studies (%),,11.1
2020,Barcelona,el Coll,young population without post-compulsory education (%),,14.9
2020,Barcelona,el Coll,foreign population from low or middle income countries (%),,12.2
2020,Barcelona,el Coll,average income per person (€),,15487
2020,Barcelona,la Salut,employed population (%),,66.1
2020,Barcelona,la Salut,low-skilled workers (%),,4.1
2020,Barcelona,la Salut,population with low studies (%),,8.8
2020,Barcelona,la Salut,young population without post-compulsory education (%),,10.3
2020,Barcelona,la Salut,foreign population from low or middle income countries (%),,8.7
2020,Barcelona,la Salut,average income per person (€),,19071
2020,Barcelona,la Vila de Gràcia,employed population (%),,65
2020,Barcelona,la Vila de Gràcia,low-skilled workers (%),,3.8
2020,Barcelona,la Vila de Gràcia,population with low studies (%),,8.1
2020,Barcelona,la Vila de Gràcia,young population without post-compulsory education (%),,8
2020,Barcelona,la Vila de Gràcia,foreign population from low or middle income countries (%),,9.8
2020,Barcelona,la Vila de Gràcia,average income per person (€),,17917
2020,Barcelona,el Camp d'en Grassot i Gràcia Nova,employed population (%),,65.9
2020,Barcelona,el Camp d'en Grassot i Gràcia Nova,low-skilled workers (%),,3.8
2020,Barcelona,el Camp d'en Grassot i Gràcia Nova,population with low studies (%),,8.7
2020,Barcelona,el Camp d'en Grassot i Gràcia Nova,young population without post-compulsory education (%),,9.8
2020,Barcelona,el Camp d'en Grassot i Gràcia Nova,foreign population from low or middle income countries (%),,9.9
2020,Barcelona,el Camp d'en Grassot i Gràcia Nova,average income per person (€),,18822
2020,Barcelona,el Baix Guinardó,employed population (%),,66
2020,Barcelona,el Baix Guinardó,low-skilled workers (%),,5
2020,Barcelona,el Baix Guinardó,population with low studies (%),,11.5
2020,Barcelona,el Baix Guinardó,young population without post-compulsory education (%),,11.4
2020,Barcelona,el Baix Guinardó,foreign population from low or middle income countries (%),,10.6
2020,Barcelona,el Baix Guinardó,average income per person (€),,16434
2020,Barcelona,Can Baró,employed population (%),,65
2020,Barcelona,Can Baró,low-skilled workers (%),,7.6
2020,Barcelona,Can Baró,population with low studies (%),,12.9
2020,Barcelona,Can Baró,young population without post-compulsory education (%),,15.2
2020,Barcelona,Can Baró,foreign population from low or middle income countries (%),,11.6
2020,Barcelona,Can Baró,average income per person (€),,15370
2020,Barcelona,el Guinardó,employed population (%),,66.7
2020,Barcelona,el Guinardó,low-skilled workers (%),,6.6
2020,Barcelona,el Guinardó,population with low studies (%),,11.5
2020,Barcelona,el Guinardó,young population without post-compulsory education (%),,13.6
2020,Barcelona,el Guinardó,foreign population from low or middle income countries (%),,12.2
2020,Barcelona,el Guinardó,average income per person (€),,15932
2020,Barcelona,la Font d'en Fargues,employed population (%),,69.5
2020,Barcelona,la Font d'en Fargues,low-skilled workers (%),,4.8
2020,Barcelona,la Font d'en Fargues,population with low studies (%),,10.4
2020,Barcelona,la Font d'en Fargues,young population without post-compulsory education (%),,11.2
2020,Barcelona,la Font d'en Fargues,foreign population from low or middle income countries (%),,5.3
2020,Barcelona,la Font d'en Fargues,average income per person (€),,18763
2020,Barcelona,el Carmel,employed population (%),,64.2
2020,Barcelona,el Carmel,low-skilled workers (%),,13.4
2020,Barcelona,el Carmel,population with low studies (%),,19.2
2020,Barcelona,el Carmel,young population without post-compulsory education (%),,26
2020,Barcelona,el Carmel,foreign population from low or middle income countries (%),,15.3
2020,Barcelona,el Carmel,average income per person (€),,11779
2020,Barcelona,la Teixonera,employed population (%),,64.7
2020,Barcelona,la Teixonera,low-skilled workers (%),,10.1
2020,Barcelona,la Teixonera,population with low studies (%),,16.7
2020,Barcelona,la Teixonera,young population without post-compulsory education (%),,20.8
2020,Barcelona,la Teixonera,foreign population from low or middle income countries (%),,14.2
2020,Barcelona,la Teixonera,average income per person (€),,12963
2020,Barcelona,Sant Genís dels Agudells,employed population (%),,65
2020,Barcelona,Sant Genís dels Agudells,low-skilled workers (%),,9.2
2020,Barcelona,Sant Genís dels Agudells,population with low studies (%),,17.7
2020,Barcelona,Sant Genís dels Agudells,young population without post-compulsory education (%),,19
2020,Barcelona,Sant Genís dels Agudells,foreign population from low or middle income countries (%),,15.3
2020,Barcelona,Sant Genís dels Agudells,average income per person (€),,13743
2020,Barcelona,Montbau,employed population (%),,65.1
2020,Barcelona,Montbau,low-skilled workers (%),,5.5
2020,Barcelona,Montbau,population with low studies (%),,16.3
2020,Barcelona,Montbau,young population without post-compulsory education (%),,13.5
2020,Barcelona,Montbau,foreign population from low or middle income countries (%),,11.3
2020,Barcelona,Montbau,average income per person (€),,15027
2020,Barcelona,la Vall d'Hebron,employed population (%),,68.5
2020,Barcelona,la Vall d'Hebron,low-skilled workers (%),,4.3
2020,Barcelona,la Vall d'Hebron,population with low studies (%),,12.9
2020,Barcelona,la Vall d'Hebron,young population without post-compulsory education (%),,12.8
2020,Barcelona,la Vall d'Hebron,foreign population from low or middle income countries (%),,7.4
2020,Barcelona,la Vall d'Hebron,average income per person (€),,17985
2020,Barcelona,la Clota,employed population (%),,68.1
2020,Barcelona,la Clota,low-skilled workers (%),,7.9
2020,Barcelona,la Clota,population with low studies (%),,12.5
2020,Barcelona,la Clota,young population without post-compulsory education (%),,27.1
2020,Barcelona,la Clota,foreign population from low or middle income countries (%),,11.3
2020,Barcelona,la Clota,average income per person (€),,14567
2020,Barcelona,Horta,employed population (%),,63
2020,Barcelona,Horta,low-skilled workers (%),,8.2
2020,Barcelona,Horta,population with low studies (%),,16.2
2020,Barcelona,Horta,young population without post-compulsory education (%),,19.5
2020,Barcelona,Horta,foreign population from low or middle income countries (%),,13.5
2020,Barcelona,Horta,average income per person (€),,15776
2020,Barcelona,Vilapicina i la Torre Llobeta,employed population (%),,65.5
2020,Barcelona,Vilapicina i la Torre Llobeta,low-skilled workers (%),,8.6
2020,Barcelona,Vilapicina i la Torre Llobeta,population with low studies (%),,14.9
2020,Barcelona,Vilapicina i la Torre Llobeta,young population without post-compulsory education (%),,17.9
2020,Barcelona,Vilapicina i la Torre Llobeta,foreign population from low or middle income countries (%),,13.6
2020,Barcelona,Vilapicina i la Torre Llobeta,average income per person (€),,14806
2020,Barcelona,Porta,employed population (%),,57.7
2020,Barcelona,Porta,low-skilled workers (%),,11.4
2020,Barcelona,Porta,population with low studies (%),,19
2020,Barcelona,Porta,young population without post-compulsory education (%),,29
2020,Barcelona,Porta,foreign population from low or middle income countries (%),,22
2020,Barcelona,Porta,average income per person (€),,13291
2020,Barcelona,el Turó de la Peira,employed population (%),,60.2
2020,Barcelona,el Turó de la Peira,low-skilled workers (%),,16.5
2020,Barcelona,el Turó de la Peira,population with low studies (%),,19.2
2020,Barcelona,el Turó de la Peira,young population without post-compulsory education (%),,29.5
2020,Barcelona,el Turó de la Peira,foreign population from low or middle income countries (%),,23
2020,Barcelona,el Turó de la Peira,average income per person (€),,11031
2020,Barcelona,Can Peguera,employed population (%),,51.2
2020,Barcelona,Can Peguera,low-skilled workers (%),,18.5
2020,Barcelona,Can Peguera,population with low studies (%),,18.6
2020,Barcelona,Can Peguera,young population without post-compulsory education (%),,41.1
2020,Barcelona,Can Peguera,foreign population from low or middle income countries (%),,9.5
2020,Barcelona,Can Peguera,average income per person (€),,10378
2020,Barcelona,la Guineueta,employed population (%),,66.5
2020,Barcelona,la Guineueta,low-skilled workers (%),,8.9
2020,Barcelona,la Guineueta,population with low studies (%),,17.7
2020,Barcelona,la Guineueta,young population without post-compulsory education (%),,19.2
2020,Barcelona,la Guineueta,foreign population from low or middle income countries (%),,9.1
2020,Barcelona,la Guineueta,average income per person (€),,15071
2020,Barcelona,Canyelles,employed population (%),,64.4
2020,Barcelona,Canyelles,low-skilled workers (%),,14.3
2020,Barcelona,Canyelles,population with low studies (%),,19.4
2020,Barcelona,Canyelles,young population without post-compulsory education (%),,26.4
2020,Barcelona,Canyelles,foreign population from low or middle income countries (%),,5.8
2020,Barcelona,Canyelles,average income per person (€),,14067
2020,Barcelona,les Roquetes,employed population (%),,58.2
2020,Barcelona,les Roquetes,low-skilled workers (%),,21.8
2020,Barcelona,les Roquetes,population with low studies (%),,20.2
2020,Barcelona,les Roquetes,young population without post-compulsory education (%),,40.3
2020,Barcelona,les Roquetes,foreign population from low or middle income countries (%),,22.7
2020,Barcelona,les Roquetes,average income per person (€),,10154
2020,Barcelona,Verdun,employed population (%),,60
2020,Barcelona,Verdun,low-skilled workers (%),,16.8
2020,Barcelona,Verdun,population with low studies (%),,20
2020,Barcelona,Verdun,young population without post-compulsory education (%),,32.5
2020,Barcelona,Verdun,foreign population from low or middle income countries (%),,21.1
2020,Barcelona,Verdun,average income per person (€),,10971
2020,Barcelona,la Prosperitat,employed population (%),,64.1
2020,Barcelona,la Prosperitat,low-skilled workers (%),,13.7
2020,Barcelona,la Prosperitat,population with low studies (%),,20.2
2020,Barcelona,la Prosperitat,young population without post-compulsory education (%),,27
2020,Barcelona,la Prosperitat,foreign population from low or middle income countries (%),,15.9
2020,Barcelona,la Prosperitat,average income per person (€),,12251
2020,Barcelona,la Trinitat Nova,employed population (%),,55.6
2020,Barcelona,la Trinitat Nova,low-skilled workers (%),,21
2020,Barcelona,la Trinitat Nova,population with low studies (%),,18
2020,Barcelona,la Trinitat Nova,young population without post-compulsory education (%),,42.3
2020,Barcelona,la Trinitat Nova,foreign population from low or middle income countries (%),,23.1
2020,Barcelona,la Trinitat Nova,average income per person (€),,9717
2020,Barcelona,Torre Baró,employed population (%),,52.2
2020,Barcelona,Torre Baró,low-skilled workers (%),,22.2
2020,Barcelona,Torre Baró,population with low studies (%),,16.8
2020,Barcelona,Torre Baró,young population without post-compulsory education (%),,45
2020,Barcelona,Torre Baró,foreign population from low or middle income countries (%),,17.2
2020,Barcelona,Torre Baró,average income per person (€),,9135
2020,Barcelona,Ciutat Meridiana,employed population (%),,52.4
2020,Barcelona,Ciutat Meridiana,low-skilled workers (%),,24.4
2020,Barcelona,Ciutat Meridiana,population with low studies (%),,21.7
2020,Barcelona,Ciutat Meridiana,young population without post-compulsory education (%),,46.2
2020,Barcelona,Ciutat Meridiana,foreign population from low or middle income countries (%),,31.6
2020,Barcelona,Ciutat Meridiana,average income per person (€),,8433
2020,Barcelona,Vallbona,employed population (%),,52.9
2020,Barcelona,Vallbona,low-skilled workers (%),,21.5
2020,Barcelona,Vallbona,population with low studies (%),,21.1
2020,Barcelona,Vallbona,young population without post-compulsory education (%),,48
2020,Barcelona,Vallbona,foreign population from low or middle income countries (%),,13.9
2020,Barcelona,Vallbona,average income per person (€),,9458
2020,Barcelona,la Trinitat Vella,employed population (%),,55.5
2020,Barcelona,la Trinitat Vella,low-skilled workers (%),,21.4
2020,Barcelona,la Trinitat Vella,population with low studies (%),,19.3
2020,Barcelona,la Trinitat Vella,young population without post-compulsory education (%),,41.4
2020,Barcelona,la Trinitat Vella,foreign population from low or middle income countries (%),,30.5
2020,Barcelona,la Trinitat Vella,average income per person (€),,9399
2020,Barcelona,Baró de Viver,employed population (%),,53
2020,Barcelona,Baró de Viver,low-skilled workers (%),,20.7
2020,Barcelona,Baró de Viver,population with low studies (%),,19.2
2020,Barcelona,Baró de Viver,young population without post-compulsory education (%),,45.6
2020,Barcelona,Baró de Viver,foreign population from low or middle income countries (%),,13.7
2020,Barcelona,Baró de Viver,average income per person (€),,9588
2020,Barcelona,el Bon Pastor,employed population (%),,56.7
2020,Barcelona,el Bon Pastor,low-skilled workers (%),,14.9
2020,Barcelona,el Bon Pastor,population with low studies (%),,18.2
2020,Barcelona,el Bon Pastor,young population without post-compulsory education (%),,38.4
2020,Barcelona,el Bon Pastor,foreign population from low or middle income countries (%),,19.3
2020,Barcelona,el Bon Pastor,average income per person (€),,11894
2020,Barcelona,Sant Andreu,employed population (%),,69
2020,Barcelona,Sant Andreu,low-skilled workers (%),,6.3
2020,Barcelona,Sant Andreu,population with low studies (%),,12.6
2020,Barcelona,Sant Andreu,young population without post-compulsory education (%),,15
2020,Barcelona,Sant Andreu,foreign population from low or middle income countries (%),,7.4
2020,Barcelona,Sant Andreu,average income per person (€),,16268
2020,Barcelona,la Sagrera,employed population (%),,66.2
2020,Barcelona,la Sagrera,low-skilled workers (%),,7.8
2020,Barcelona,la Sagrera,population with low studies (%),,13
2020,Barcelona,la Sagrera,young population without post-compulsory education (%),,14.4
2020,Barcelona,la Sagrera,foreign population from low or middle income countries (%),,12.4
2020,Barcelona,la Sagrera,average income per person (€),,15305
2020,Barcelona,el Congrés i els Indians,employed population (%),,66.4
2020,Barcelona,el Congrés i els Indians,low-skilled workers (%),,7.8
2020,Barcelona,el Congrés i els Indians,population with low studies (%),,12.9
2020,Barcelona,el Congrés i els Indians,young population without post-compulsory education (%),,16.7
2020,Barcelona,el Congrés i els Indians,foreign population from low or middle income countries (%),,13.1
2020,Barcelona,el Congrés i els Indians,average income per person (€),,15020
2020,Barcelona,Navas,employed population (%),,66.3
2020,Barcelona,Navas,low-skilled workers (%),,7.2
2020,Barcelona,Navas,population with low studies (%),,12.1
2020,Barcelona,Navas,young population without post-compulsory education (%),,13.5
2020,Barcelona,Navas,foreign population from low or middle income countries (%),,12.9
2020,Barcelona,Navas,average income per person (€),,15592
2020,Barcelona,el Camp de l'Arpa del Clot,employed population (%),,65.6
2020,Barcelona,el Camp de l'Arpa del Clot,low-skilled workers (%),,6.2
2020,Barcelona,el Camp de l'Arpa del Clot,population with low studies (%),,11.3
2020,Barcelona,el Camp de l'Arpa del Clot,young population without post-compulsory education (%),,13.2
2020,Barcelona,el Camp de l'Arpa del Clot,foreign population from low or middle income countries (%),,13.7
2020,Barcelona,el Camp de l'Arpa del Clot,average income per person (€),,16032
2020,Barcelona,el Clot,employed population (%),,65.4
2020,Barcelona,el Clot,low-skilled workers (%),,6.6
2020,Barcelona,el Clot,population with low studies (%),,11.2
2020,Barcelona,el Clot,young population without post-compulsory education (%),,14.2
2020,Barcelona,el Clot,foreign population from low or middle income countries (%),,11.5
2020,Barcelona,el Clot,average income per person (€),,15626
2020,Barcelona,el Parc i la Llacuna del Poblenou,employed population (%),,62.2
2020,Barcelona,el Parc i la Llacuna del Poblenou,low-skilled workers (%),,4.2
2020,Barcelona,el Parc i la Llacuna del Poblenou,population with low studies (%),,10.2
2020,Barcelona,el Parc i la Llacuna del Poblenou,young population without post-compulsory education (%),,11.9
2020,Barcelona,el Parc i la Llacuna del Poblenou,foreign population from low or middle income countries (%),,13
2020,Barcelona,el Parc i la Llacuna del Poblenou,average income per person (€),,16535
2020,Barcelona,la Vila Olímpica del Poblenou,employed population (%),,63.8
2020,Barcelona,la Vila Olímpica del Poblenou,low-skilled workers (%),,2
2020,Barcelona,la Vila Olímpica del Poblenou,population with low studies (%),,4.3
2020,Barcelona,la Vila Olímpica del Poblenou,young population without post-compulsory education (%),,6.9
2020,Barcelona,la Vila Olímpica del Poblenou,foreign population from low or middle income countries (%),,7
2020,Barcelona,la Vila Olímpica del Poblenou,average income per person (€),,23016
2020,Barcelona,el Poblenou,employed population (%),,67.4
2020,Barcelona,el Poblenou,low-skilled workers (%),,4.5
2020,Barcelona,el Poblenou,population with low studies (%),,10.4
2020,Barcelona,el Poblenou,young population without post-compulsory education (%),,13
2020,Barcelona,el Poblenou,foreign population from low or middle income countries (%),,9.9
2020,Barcelona,el Poblenou,average income per person (€),,16840
2020,Barcelona,Diagonal Mar i el Front Marítim del Poblenou,employed population (%),,67
2020,Barcelona,Diagonal Mar i el Front Marítim del Poblenou,low-skilled workers (%),,3.2
2020,Barcelona,Diagonal Mar i el Front Marítim del Poblenou,population with low studies (%),,10.5
2020,Barcelona,Diagonal Mar i el Front Marítim del Poblenou,young population without post-compulsory education (%),,12.1
2020,Barcelona,Diagonal Mar i el Front Marítim del Poblenou,foreign population from low or middle income countries (%),,11.2
2020,Barcelona,Diagonal Mar i el Front Marítim del Poblenou,average income per person (€),,19057
2020,Barcelona,el Besòs i el Maresme,employed population (%),,50.4
2020,Barcelona,el Besòs i el Maresme,low-skilled workers (%),,17.4
2020,Barcelona,el Besòs i el Maresme,population with low studies (%),,21.4
2020,Barcelona,el Besòs i el Maresme,young population without post-compulsory education (%),,41.6
2020,Barcelona,el Besòs i el Maresme,foreign population from low or middle income countries (%),,32
2020,Barcelona,el Besòs i el Maresme,average income per person (€),,10338
2020,Barcelona,Provençals del Poblenou,employed population (%),,65.9
2020,Barcelona,Provençals del Poblenou,low-skilled workers (%),,7
2020,Barcelona,Provençals del Poblenou,population with low studies (%),,12.7
2020,Barcelona,Provençals del Poblenou,young population without post-compulsory education (%),,18.4
2020,Barcelona,Provençals del Poblenou,foreign population from low or middle income countries (%),,11.7
2020,Barcelona,Provençals del Poblenou,average income per person (€),,15008
2020,Barcelona,Sant Martí de Provençals,employed population (%),,64.5
2020,Barcelona,Sant Martí de Provençals,low-skilled workers (%),,8
2020,Barcelona,Sant Martí de Provençals,population with low studies (%),,16.6
2020,Barcelona,Sant Martí de Provençals,young population without post-compulsory education (%),,18.8
2020,Barcelona,Sant Martí de Provençals,foreign population from low or middle income countries (%),,11.7
2020,Barcelona,Sant Martí de Provençals,average income per person (€),,14334
2020,Barcelona,la Verneda i la Pau,employed population (%),,63
2020,Barcelona,la Verneda i la Pau,low-skilled workers (%),,11.1
2020,Barcelona,la Verneda i la Pau,population with low studies (%),,18.9
2020,Barcelona,la Verneda i la Pau,young population without post-compulsory education (%),,25.1
2020,Barcelona,la Verneda i la Pau,foreign population from low or middle income countries (%),,12.6
2020,Barcelona,la Verneda i la Pau,average income per person (€),,13100
2020,Barcelona,total,employed population (%),,62.6
2020,Barcelona,total,low-skilled workers (%),,7.3
2020,Barcelona,total,population with low studies (%),,12
2020,Barcelona,total,young population without post-compulsory education (%),,16.8
2020,Barcelona,total,foreign population from low or middle income countries (%),,14.6
2020,Barcelona,total,average income per person (€),,16750
2021,Barcelona,el Raval,employed population (%),,53
2021,Barcelona,el Raval,low-skilled workers (%),,13.8
2021,Barcelona,el Raval,population with low studies (%),,19
2021,Barcelona,el Raval,young population without post-compulsory education (%),,31.8
2021,Barcelona,el Raval,foreign population from low or middle income countries (%),,39.3
2021,Barcelona,el Raval,average income per person (€),,10050
2021,Barcelona,el Barri Gòtic,employed population (%),,41.2
2021,Barcelona,el Barri Gòtic,low-skilled workers (%),,10.8
2021,Barcelona,el Barri Gòtic,population with low studies (%),,22.6
2021,Barcelona,el Barri Gòtic,young population without post-compulsory education (%),,37.1
2021,Barcelona,el Barri Gòtic,foreign population from low or middle income countries (%),,22.7
2021,Barcelona,el Barri Gòtic,average income per person (€),,13692
2021,Barcelona,la Barceloneta,employed population (%),,56.4
2021,Barcelona,la Barceloneta,low-skilled workers (%),,10
2021,Barcelona,la Barceloneta,population with low studies (%),,15.4
2021,Barcelona,la Barceloneta,young population without post-compulsory education (%),,17.6
2021,Barcelona,la Barceloneta,foreign population from low or middle income countries (%),,18.9
2021,Barcelona,la Barceloneta,average income per person (€),,13237
2021,Barcelona,"Sant Pere, Santa Caterina i la Ribera",employed population (%),,57
2021,Barcelona,"Sant Pere, Santa Caterina i la Ribera",low-skilled workers (%),,7.6
2021,Barcelona,"Sant Pere, Santa Caterina i la Ribera",population with low studies (%),,10.8
2021,Barcelona,"Sant Pere, Santa Caterina i la Ribera",young population without post-compulsory education (%),,13.8
2021,Barcelona,"Sant Pere, Santa Caterina i la Ribera",foreign population from low or middle income countries (%),,18.6
2021,Barcelona,"Sant Pere, Santa Caterina i la Ribera",average income per person (€),,14220
2021,Barcelona,el Fort Pienc,employed population (%),,62.8
2021,Barcelona,el Fort Pienc,low-skilled workers (%),,5.1
2021,Barcelona,el Fort Pienc,population with low studies (%),,9.9
2021,Barcelona,el Fort Pienc,young population without post-compulsory education (%),,12.9
2021,Barcelona,el Fort Pienc,foreign population from low or middle income countries (%),,13
2021,Barcelona,el Fort Pienc,average income per person (€),,18144
2021,Barcelona,la Sagrada Família,employed population (%),,65.3
2021,Barcelona,la Sagrada Família,low-skilled workers (%),,5.4
2021,Barcelona,la Sagrada Família,population with low studies (%),,10.5
2021,Barcelona,la Sagrada Família,young population without post-compulsory education (%),,10.7
2021,Barcelona,la Sagrada Família,foreign population from low or middle income countries (%),,14.4
2021,Barcelona,la Sagrada Família,average income per person (€),,17657
2021,Barcelona,la Dreta de l'Eixample,employed population (%),,63.3
2021,Barcelona,la Dreta de l'Eixample,low-skilled workers (%),,3
2021,Barcelona,la Dreta de l'Eixample,population with low studies (%),,6.1
2021,Barcelona,la Dreta de l'Eixample,young population without post-compulsory education (%),,6.1
2021,Barcelona,la Dreta de l'Eixample,foreign population from low or middle income countries (%),,10.3
2021,Barcelona,la Dreta de l'Eixample,average income per person (€),,21957
2021,Barcelona,l'Antiga Esquerra de l'Eixample,employed population (%),,63.4
2021,Barcelona,l'Antiga Esquerra de l'Eixample,low-skilled workers (%),,3.7
2021,Barcelona,l'Antiga Esquerra de l'Eixample,population with low studies (%),,7.2
2021,Barcelona,l'Antiga Esquerra de l'Eixample,young population without post-compulsory education (%),,7.9
2021,Barcelona,l'Antiga Esquerra de l'Eixample,foreign population from low or middle income countries (%),,11.6
2021,Barcelona,l'Antiga Esquerra de l'Eixample,average income per person (€),,21091
2021,Barcelona,la Nova Esquerra de l'Eixample,employed population (%),,65.5
2021,Barcelona,la Nova Esquerra de l'Eixample,low-skilled workers (%),,4.5
2021,Barcelona,la Nova Esquerra de l'Eixample,population with low studies (%),,8.2
2021,Barcelona,la Nova Esquerra de l'Eixample,young population without post-compulsory education (%),,8.5
2021,Barcelona,la Nova Esquerra de l'Eixample,foreign population from low or middle income countries (%),,12
2021,Barcelona,la Nova Esquerra de l'Eixample,average income per person (€),,19857
2021,Barcelona,Sant Antoni,employed population (%),,65.4
2021,Barcelona,Sant Antoni,low-skilled workers (%),,5.4
2021,Barcelona,Sant Antoni,population with low studies (%),,10.8
2021,Barcelona,Sant Antoni,young population without post-compulsory education (%),,12.5
2021,Barcelona,Sant Antoni,foreign population from low or middle income countries (%),,14.1
2021,Barcelona,Sant Antoni,average income per person (€),,17702
2021,Barcelona,el Poble Sec,employed population (%),,60.4
2021,Barcelona,el Poble Sec,low-skilled workers (%),,9.9
2021,Barcelona,el Poble Sec,population with low studies (%),,14.8
2021,Barcelona,el Poble Sec,young population without post-compulsory education (%),,21
2021,Barcelona,el Poble Sec,foreign population from low or middle income countries (%),,21.2
2021,Barcelona,el Poble Sec,average income per person (€),,13291
2021,Barcelona,la Marina del Prat Vermell,employed population (%),,54
2021,Barcelona,la Marina del Prat Vermell,low-skilled workers (%),,16.2
2021,Barcelona,la Marina del Prat Vermell,population with low studies (%),,24.3
2021,Barcelona,la Marina del Prat Vermell,young population without post-compulsory education (%),,45
2021,Barcelona,la Marina del Prat Vermell,foreign population from low or middle income countries (%),,12.4
2021,Barcelona,la Marina del Prat Vermell,average income per person (€),,11802
2021,Barcelona,la Marina de Port,employed population (%),,62.2
2021,Barcelona,la Marina de Port,low-skilled workers (%),,11.9
2021,Barcelona,la Marina de Port,population with low studies (%),,16.7
2021,Barcelona,la Marina de Port,young population without post-compulsory education (%),,25.8
2021,Barcelona,la Marina de Port,foreign population from low or middle income countries (%),,14.2
2021,Barcelona,la Marina de Port,average income per person (€),,13695
2021,Barcelona,la Font de la Guatlla,employed population (%),,64.6
2021,Barcelona,la Font de la Guatlla,low-skilled workers (%),,7.4
2021,Barcelona,la Font de la Guatlla,population with low studies (%),,13.1
2021,Barcelona,la Font de la Guatlla,young population without post-compulsory education (%),,15.2
2021,Barcelona,la Font de la Guatlla,foreign population from low or middle income countries (%),,14.6
2021,Barcelona,la Font de la Guatlla,average income per person (€),,16275
2021,Barcelona,Hostafrancs,employed population (%),,62.2
2021,Barcelona,Hostafrancs,low-skilled workers (%),,7.5
2021,Barcelona,Hostafrancs,population with low studies (%),,12.4
2021,Barcelona,Hostafrancs,young population without post-compulsory education (%),,17.9
2021,Barcelona,Hostafrancs,foreign population from low or middle income countries (%),,17
2021,Barcelona,Hostafrancs,average income per person (€),,15587
2021,Barcelona,la Bordeta,employed population (%),,67.2
2021,Barcelona,la Bordeta,low-skilled workers (%),,7.5
2021,Barcelona,la Bordeta,population with low studies (%),,14.2
2021,Barcelona,la Bordeta,young population without post-compulsory education (%),,15.2
2021,Barcelona,la Bordeta,foreign population from low or middle income countries (%),,11
2021,Barcelona,la Bordeta,average income per person (€),,16011
2021,Barcelona,Sants-Badal,employed population (%),,63.8
2021,Barcelona,Sants-Badal,low-skilled workers (%),,9.5
2021,Barcelona,Sants-Badal,population with low studies (%),,14.4
2021,Barcelona,Sants-Badal,young population without post-compulsory education (%),,16.9
2021,Barcelona,Sants-Badal,foreign population from low or middle income countries (%),,15.7
2021,Barcelona,Sants-Badal,average income per person (€),,15559
2021,Barcelona,Sants,employed population (%),,63.1
2021,Barcelona,Sants,low-skilled workers (%),,7
2021,Barcelona,Sants,population with low studies (%),,13.4
2021,Barcelona,Sants,young population without post-compulsory education (%),,18.9
2021,Barcelona,Sants,foreign population from low or middle income countries (%),,13.1
2021,Barcelona,Sants,average income per person (€),,17155
2021,Barcelona,les Corts,employed population (%),,67.3
2021,Barcelona,les Corts,low-skilled workers (%),,3.6
2021,Barcelona,les Corts,population with low studies (%),,8.2
2021,Barcelona,les Corts,young population without post-compulsory education (%),,7
2021,Barcelona,les Corts,foreign population from low or middle income countries (%),,7.6
2021,Barcelona,les Corts,average income per person (€),,22161
2021,Barcelona,la Maternitat i Sant Ramon,employed population (%),,66.6
2021,Barcelona,la Maternitat i Sant Ramon,low-skilled workers (%),,4.5
2021,Barcelona,la Maternitat i Sant Ramon,population with low studies (%),,10.3
2021,Barcelona,la Maternitat i Sant Ramon,young population without post-compulsory education (%),,7.5
2021,Barcelona,la Maternitat i Sant Ramon,foreign population from low or middle income countries (%),,9
2021,Barcelona,la Maternitat i Sant Ramon,average income per person (€),,20156
2021,Barcelona,Pedralbes,employed population (%),,61.7
2021,Barcelona,Pedralbes,low-skilled workers (%),,1.8
2021,Barcelona,Pedralbes,population with low studies (%),,5.1
2021,Barcelona,Pedralbes,young population without post-compulsory education (%),,6.1
2021,Barcelona,Pedralbes,foreign population from low or middle income countries (%),,7.8
2021,Barcelona,Pedralbes,average income per person (€),,28514
2021,Barcelona,"Vallvidrera, el Tibidabo i les Planes",employed population (%),,65.6
2021,Barcelona,"Vallvidrera, el Tibidabo i les Planes",low-skilled workers (%),,4
2021,Barcelona,"Vallvidrera, el Tibidabo i les Planes",population with low studies (%),,7.3
2021,Barcelona,"Vallvidrera, el Tibidabo i les Planes",young population without post-compulsory education (%),,12.3
2021,Barcelona,"Vallvidrera, el Tibidabo i les Planes",foreign population from low or middle income countries (%),,3.6
2021,Barcelona,"Vallvidrera, el Tibidabo i les Planes",average income per person (€),,21288
2021,Barcelona,Sarrià,employed population (%),,66.7
2021,Barcelona,Sarrià,low-skilled workers (%),,2.2
2021,Barcelona,Sarrià,population with low studies (%),,5.7
2021,Barcelona,Sarrià,young population without post-compulsory education (%),,5.8
2021,Barcelona,Sarrià,foreign population from low or middle income countries (%),,4.3
2021,Barcelona,Sarrià,average income per person (€),,26382
2021,Barcelona,les Tres Torres,employed population (%),,67.1
2021,Barcelona,les Tres Torres,low-skilled workers (%),,2.1
2021,Barcelona,les Tres Torres,population with low studies (%),,3.7
2021,Barcelona,les Tres Torres,young population without post-compulsory education (%),,4.8
2021,Barcelona,les Tres Torres,foreign population from low or middle income countries (%),,3.9
2021,Barcelona,les Tres Torres,average income per person (€),,30284
2021,Barcelona,Sant Gervasi-la Bonanova,employed population (%),,66.3
2021,Barcelona,Sant Gervasi-la Bonanova,low-skilled workers (%),,2.6
2021,Barcelona,Sant Gervasi-la Bonanova,population with low studies (%),,4.9
2021,Barcelona,Sant Gervasi-la Bonanova,young population without post-compulsory education (%),,6
2021,Barcelona,Sant Gervasi-la Bonanova,foreign population from low or middle income countries (%),,5.7
2021,Barcelona,Sant Gervasi-la Bonanova,average income per person (€),,26523
2021,Barcelona,Sant Gervasi-Galvany,employed population (%),,66.7
2021,Barcelona,Sant Gervasi-Galvany,low-skilled workers (%),,2.2
2021,Barcelona,Sant Gervasi-Galvany,population with low studies (%),,4.2
2021,Barcelona,Sant Gervasi-Galvany,young population without post-compulsory education (%),,4.2
2021,Barcelona,Sant Gervasi-Galvany,foreign population from low or middle income countries (%),,5.9
2021,Barcelona,Sant Gervasi-Galvany,average income per person (€),,27148
2021,Barcelona,el Putxet i el Farró,employed population (%),,67.8
2021,Barcelona,el Putxet i el Farró,low-skilled workers (%),,2.7
2021,Barcelona,el Putxet i el Farró,population with low studies (%),,4.9
2021,Barcelona,el Putxet i el Farró,young population without post-compulsory education (%),,6.1
2021,Barcelona,el Putxet i el Farró,foreign population from low or middle income countries (%),,7.1
2021,Barcelona,el Putxet i el Farró,average income per person (€),,22808
2021,Barcelona,Vallcarca i els Penitents,employed population (%),,67.7
2021,Barcelona,Vallcarca i els Penitents,low-skilled workers (%),,4.7
2021,Barcelona,Vallcarca i els Penitents,population with low studies (%),,8.8
2021,Barcelona,Vallcarca i els Penitents,young population without post-compulsory education (%),,9.9
2021,Barcelona,Vallcarca i els Penitents,foreign population from low or middle income countries (%),,9.1
2021,Barcelona,Vallcarca i els Penitents,average income per person (€),,19933
2021,Barcelona,el Coll,employed population (%),,65.1
2021,Barcelona,el Coll,low-skilled workers (%),,6.7
2021,Barcelona,el Coll,population with low studies (%),,11.6
2021,Barcelona,el Coll,young population without post-compulsory education (%),,15.1
2021,Barcelona,el Coll,foreign population from low or middle income countries (%),,12
2021,Barcelona,el Coll,average income per person (€),,16054
2021,Barcelona,la Salut,employed population (%),,67.6
2021,Barcelona,la Salut,low-skilled workers (%),,4
2021,Barcelona,la Salut,population with low studies (%),,8.3
2021,Barcelona,la Salut,young population without post-compulsory education (%),,9.4
2021,Barcelona,la Salut,foreign population from low or middle income countries (%),,7.7
2021,Barcelona,la Salut,average income per person (€),,19758
2021,Barcelona,la Vila de Gràcia,employed population (%),,66.9
2021,Barcelona,la Vila de Gràcia,low-skilled workers (%),,4
2021,Barcelona,la Vila de Gràcia,population with low studies (%),,8.4
2021,Barcelona,la Vila de Gràcia,young population without post-compulsory education (%),,8.2
2021,Barcelona,la Vila de Gràcia,foreign population from low or middle income countries (%),,9.1
2021,Barcelona,la Vila de Gràcia,average income per person (€),,18557
2021,Barcelona,el Camp d'en Grassot i Gràcia Nova,employed population (%),,66.8
2021,Barcelona,el Camp d'en Grassot i Gràcia Nova,low-skilled workers (%),,4
2021,Barcelona,el Camp d'en Grassot i Gràcia Nova,population with low studies (%),,9.2
2021,Barcelona,el Camp d'en Grassot i Gràcia Nova,young population without post-compulsory education (%),,9.8
2021,Barcelona,el Camp d'en Grassot i Gràcia Nova,foreign population from low or middle income countries (%),,8.1
2021,Barcelona,el Camp d'en Grassot i Gràcia Nova,average income per person (€),,19488
2021,Barcelona,el Baix Guinardó,employed population (%),,67.2
2021,Barcelona,el Baix Guinardó,low-skilled workers (%),,5.2
2021,Barcelona,el Baix Guinardó,population with low studies (%),,11.8
2021,Barcelona,el Baix Guinardó,young population without post-compulsory education (%),,11.4
2021,Barcelona,el Baix Guinardó,foreign population from low or middle income countries (%),,10.4
2021,Barcelona,el Baix Guinardó,average income per person (€),,17098
2021,Barcelona,Can Baró,employed population (%),,66.6
2021,Barcelona,Can Baró,low-skilled workers (%),,8.2
2021,Barcelona,Can Baró,population with low studies (%),,13.1
2021,Barcelona,Can Baró,young population without post-compulsory education (%),,14.6
2021,Barcelona,Can Baró,foreign population from low or middle income countries (%),,11.2
2021,Barcelona,Can Baró,average income per person (€),,15934
2021,Barcelona,el Guinardó,employed population (%),,67.7
2021,Barcelona,el Guinardó,low-skilled workers (%),,7
2021,Barcelona,el Guinardó,population with low studies (%),,12
2021,Barcelona,el Guinardó,young population without post-compulsory education (%),,13.3
2021,Barcelona,el Guinardó,foreign population from low or middle income countries (%),,11.6
2021,Barcelona,el Guinardó,average income per person (€),,16542
2021,Barcelona,la Font d'en Fargues,employed population (%),,70
2021,Barcelona,la Font d'en Fargues,low-skilled workers (%),,5.1
2021,Barcelona,la Font d'en Fargues,population with low studies (%),,11.7
2021,Barcelona,la Font d'en Fargues,young population without post-compulsory education (%),,10.3
2021,Barcelona,la Font d'en Fargues,foreign population from low or middle income countries (%),,4.9
2021,Barcelona,la Font d'en Fargues,average income per person (€),,19606
2021,Barcelona,el Carmel,employed population (%),,64.1
2021,Barcelona,el Carmel,low-skilled workers (%),,13.8
2021,Barcelona,el Carmel,population with low studies (%),,20
2021,Barcelona,el Carmel,young population without post-compulsory education (%),,25.2
2021,Barcelona,el Carmel,foreign population from low or middle income countries (%),,15.4
2021,Barcelona,el Carmel,average income per person (€),,12365
2021,Barcelona,la Teixonera,employed population (%),,64.7
2021,Barcelona,la Teixonera,low-skilled workers (%),,10.5
2021,Barcelona,la Teixonera,population with low studies (%),,17.2
2021,Barcelona,la Teixonera,young population without post-compulsory education (%),,19.9
2021,Barcelona,la Teixonera,foreign population from low or middle income countries (%),,13.5
2021,Barcelona,la Teixonera,average income per person (€),,13534
2021,Barcelona,Sant Genís dels Agudells,employed population (%),,65.3
2021,Barcelona,Sant Genís dels Agudells,low-skilled workers (%),,10
2021,Barcelona,Sant Genís dels Agudells,population with low studies (%),,17.8
2021,Barcelona,Sant Genís dels Agudells,young population without post-compulsory education (%),,18.4
2021,Barcelona,Sant Genís dels Agudells,foreign population from low or middle income countries (%),,13.3
2021,Barcelona,Sant Genís dels Agudells,average income per person (€),,14188
2021,Barcelona,Montbau,employed population (%),,65.8
2021,Barcelona,Montbau,low-skilled workers (%),,6
2021,Barcelona,Montbau,population with low studies (%),,16.8
2021,Barcelona,Montbau,young population without post-compulsory education (%),,14.5
2021,Barcelona,Montbau,foreign population from low or middle income countries (%),,11.7
2021,Barcelona,Montbau,average income per person (€),,15651
2021,Barcelona,la Vall d'Hebron,employed population (%),,69.2
2021,Barcelona,la Vall d'Hebron,low-skilled workers (%),,4.3
2021,Barcelona,la Vall d'Hebron,population with low studies (%),,13.4
2021,Barcelona,la Vall d'Hebron,young population without post-compulsory education (%),,13.6
2021,Barcelona,la Vall d'Hebron,foreign population from low or middle income countries (%),,7
2021,Barcelona,la Vall d'Hebron,average income per person (€),,17995
2021,Barcelona,la Clota,employed population (%),,69.4
2021,Barcelona,la Clota,low-skilled workers (%),,9.2
2021,Barcelona,la Clota,population with low studies (%),,14
2021,Barcelona,la Clota,young population without post-compulsory education (%),,25.2
2021,Barcelona,la Clota,foreign population from low or middle income countries (%),,10.2
2021,Barcelona,la Clota,average income per person (€),,15605
2021,Barcelona,Horta,employed population (%),,63.9
2021,Barcelona,Horta,low-skilled workers (%),,8.3
2021,Barcelona,Horta,population with low studies (%),,16.8
2021,Barcelona,Horta,young population without post-compulsory education (%),,21
2021,Barcelona,Horta,foreign population from low or middle income countries (%),,8.6
2021,Barcelona,Horta,average income per person (€),,16242
2021,Barcelona,Vilapicina i la Torre Llobeta,employed population (%),,66.5
2021,Barcelona,Vilapicina i la Torre Llobeta,low-skilled workers (%),,8.9
2021,Barcelona,Vilapicina i la Torre Llobeta,population with low studies (%),,15.4
2021,Barcelona,Vilapicina i la Torre Llobeta,young population without post-compulsory education (%),,17
2021,Barcelona,Vilapicina i la Torre Llobeta,foreign population from low or middle income countries (%),,12.8
2021,Barcelona,Vilapicina i la Torre Llobeta,average income per person (€),,15437
2021,Barcelona,Porta,employed population (%),,58.3
2021,Barcelona,Porta,low-skilled workers (%),,12.2
2021,Barcelona,Porta,population with low studies (%),,20.2
2021,Barcelona,Porta,young population without post-compulsory education (%),,30.3
2021,Barcelona,Porta,foreign population from low or middle income countries (%),,14.8
2021,Barcelona,Porta,average income per person (€),,13638
2021,Barcelona,el Turó de la Peira,employed population (%),,60.8
2021,Barcelona,el Turó de la Peira,low-skilled workers (%),,16.8
2021,Barcelona,el Turó de la Peira,population with low studies (%),,20
2021,Barcelona,el Turó de la Peira,young population without post-compulsory education (%),,28.2
2021,Barcelona,el Turó de la Peira,foreign population from low or middle income countries (%),,22.5
2021,Barcelona,el Turó de la Peira,average income per person (€),,11492
2021,Barcelona,Can Peguera,employed population (%),,52.5
2021,Barcelona,Can Peguera,low-skilled workers (%),,18.6
2021,Barcelona,Can Peguera,population with low studies (%),,18.8
2021,Barcelona,Can Peguera,young population without post-compulsory education (%),,34.7
2021,Barcelona,Can Peguera,foreign population from low or middle income countries (%),,8.7
2021,Barcelona,Can Peguera,average income per person (€),,10991
2021,Barcelona,la Guineueta,employed population (%),,66.9
2021,Barcelona,la Guineueta,low-skilled workers (%),,9
2021,Barcelona,la Guineueta,population with low studies (%),,17.9
2021,Barcelona,la Guineueta,young population without post-compulsory education (%),,18.4
2021,Barcelona,la Guineueta,foreign population from low or middle income countries (%),,8.3
2021,Barcelona,la Guineueta,average income per person (€),,15594
2021,Barcelona,Canyelles,employed population (%),,65.8
2021,Barcelona,Canyelles,low-skilled workers (%),,14.3
2021,Barcelona,Canyelles,population with low studies (%),,19.7
2021,Barcelona,Canyelles,young population without post-compulsory education (%),,25
2021,Barcelona,Canyelles,foreign population from low or middle income countries (%),,5.4
2021,Barcelona,Canyelles,average income per person (€),,14649
2021,Barcelona,les Roquetes,employed population (%),,58.4
2021,Barcelona,les Roquetes,low-skilled workers (%),,22
2021,Barcelona,les Roquetes,population with low studies (%),,21.9
2021,Barcelona,les Roquetes,young population without post-compulsory education (%),,38.2
2021,Barcelona,les Roquetes,foreign population from low or middle income countries (%),,21.6
2021,Barcelona,les Roquetes,average income per person (€),,10612
2021,Barcelona,Verdun,employed population (%),,60.4
2021,Barcelona,Verdun,low-skilled workers (%),,17.2
2021,Barcelona,Verdun,population with low studies (%),,21.6
2021,Barcelona,Verdun,young population without post-compulsory education (%),,32
2021,Barcelona,Verdun,foreign population from low or middle income countries (%),,20.4
2021,Barcelona,Verdun,average income per person (€),,11483
2021,Barcelona,la Prosperitat,employed population (%),,64.3
2021,Barcelona,la Prosperitat,low-skilled workers (%),,14.3
2021,Barcelona,la Prosperitat,population with low studies (%),,21.1
2021,Barcelona,la Prosperitat,young population without post-compulsory education (%),,27
2021,Barcelona,la Prosperitat,foreign population from low or middle income countries (%),,15.6
2021,Barcelona,la Prosperitat,average income per person (€),,12822
2021,Barcelona,la Trinitat Nova,employed population (%),,56.3
2021,Barcelona,la Trinitat Nova,low-skilled workers (%),,21.7
2021,Barcelona,la Trinitat Nova,population with low studies (%),,19.4
2021,Barcelona,la Trinitat Nova,young population without post-compulsory education (%),,41.8
2021,Barcelona,la Trinitat Nova,foreign population from low or middle income countries (%),,21.5
2021,Barcelona,la Trinitat Nova,average income per person (€),,10281
2021,Barcelona,Torre Baró,employed population (%),,53
2021,Barcelona,Torre Baró,low-skilled workers (%),,22.5
2021,Barcelona,Torre Baró,population with low studies (%),,18
2021,Barcelona,Torre Baró,young population without post-compulsory education (%),,41.1
2021,Barcelona,Torre Baró,foreign population from low or middle income countries (%),,17.2
2021,Barcelona,Torre Baró,average income per person (€),,9899
2021,Barcelona,Ciutat Meridiana,employed population (%),,52.9
2021,Barcelona,Ciutat Meridiana,low-skilled workers (%),,25.6
2021,Barcelona,Ciutat Meridiana,population with low studies (%),,24.3
2021,Barcelona,Ciutat Meridiana,young population without post-compulsory education (%),,44.3
2021,Barcelona,Ciutat Meridiana,foreign population from low or middle income countries (%),,30.7
2021,Barcelona,Ciutat Meridiana,average income per person (€),,8913
2021,Barcelona,Vallbona,employed population (%),,54.4
2021,Barcelona,Vallbona,low-skilled workers (%),,24
2021,Barcelona,Vallbona,population with low studies (%),,19.3
2021,Barcelona,Vallbona,young population without post-compulsory education (%),,48.2
2021,Barcelona,Vallbona,foreign population from low or middle income countries (%),,13.6
2021,Barcelona,Vallbona,average income per person (€),,10132
2021,Barcelona,la Trinitat Vella,employed population (%),,56.5
2021,Barcelona,la Trinitat Vella,low-skilled workers (%),,21.6
2021,Barcelona,la Trinitat Vella,population with low studies (%),,21.2
2021,Barcelona,la Trinitat Vella,young population without post-compulsory education (%),,40
2021,Barcelona,la Trinitat Vella,foreign population from low or middle income countries (%),,28.8
2021,Barcelona,la Trinitat Vella,average income per person (€),,9957
2021,Barcelona,Baró de Viver,employed population (%),,53.3
2021,Barcelona,Baró de Viver,low-skilled workers (%),,20
2021,Barcelona,Baró de Viver,population with low studies (%),,20.8
2021,Barcelona,Baró de Viver,young population without post-compulsory education (%),,45.3
2021,Barcelona,Baró de Viver,foreign population from low or middle income countries (%),,14.3
2021,Barcelona,Baró de Viver,average income per person (€),,10138
2021,Barcelona,el Bon Pastor,employed population (%),,56.1
2021,Barcelona,el Bon Pastor,low-skilled workers (%),,14.8
2021,Barcelona,el Bon Pastor,population with low studies (%),,20.1
2021,Barcelona,el Bon Pastor,young population without post-compulsory education (%),,37.8
2021,Barcelona,el Bon Pastor,foreign population from low or middle income countries (%),,13
2021,Barcelona,el Bon Pastor,average income per person (€),,12614
2021,Barcelona,Sant Andreu,employed population (%),,69.7
2021,Barcelona,Sant Andreu,low-skilled workers (%),,6.7
2021,Barcelona,Sant Andreu,population with low studies (%),,12.8
2021,Barcelona,Sant Andreu,young population without post-compulsory education (%),,14.4
2021,Barcelona,Sant Andreu,foreign population from low or middle income countries (%),,6.8
2021,Barcelona,Sant Andreu,average income per person (€),,16960
2021,Barcelona,la Sagrera,employed population (%),,66.9
2021,Barcelona,la Sagrera,low-skilled workers (%),,8.2
2021,Barcelona,la Sagrera,population with low studies (%),,13.5
2021,Barcelona,la Sagrera,young population without post-compulsory education (%),,14.7
2021,Barcelona,la Sagrera,foreign population from low or middle income countries (%),,11.7
2021,Barcelona,la Sagrera,average income per person (€),,15729
2021,Barcelona,el Congrés i els Indians,employed population (%),,66.6
2021,Barcelona,el Congrés i els Indians,low-skilled workers (%),,8.1
2021,Barcelona,el Congrés i els Indians,population with low studies (%),,13.4
2021,Barcelona,el Congrés i els Indians,young population without post-compulsory education (%),,15.8
2021,Barcelona,el Congrés i els Indians,foreign population from low or middle income countries (%),,12.5
2021,Barcelona,el Congrés i els Indians,average income per person (€),,15871
2021,Barcelona,Navas,employed population (%),,67.8
2021,Barcelona,Navas,low-skilled workers (%),,7.2
2021,Barcelona,Navas,population with low studies (%),,12.6
2021,Barcelona,Navas,young population without post-compulsory education (%),,13.2
2021,Barcelona,Navas,foreign population from low or middle income countries (%),,12.2
2021,Barcelona,Navas,average income per person (€),,16270
2021,Barcelona,el Camp de l'Arpa del Clot,employed population (%),,66.9
2021,Barcelona,el Camp de l'Arpa del Clot,low-skilled workers (%),,6.2
2021,Barcelona,el Camp de l'Arpa del Clot,population with low studies (%),,11.7
2021,Barcelona,el Camp de l'Arpa del Clot,young population without post-compulsory education (%),,12.8
2021,Barcelona,el Camp de l'Arpa del Clot,foreign population from low or middle income countries (%),,13.2
2021,Barcelona,el Camp de l'Arpa del Clot,average income per person (€),,16614
2021,Barcelona,el Clot,employed population (%),,66.9
2021,Barcelona,el Clot,low-skilled workers (%),,6.7
2021,Barcelona,el Clot,population with low studies (%),,11.5
2021,Barcelona,el Clot,young population without post-compulsory education (%),,12.6
2021,Barcelona,el Clot,foreign population from low or middle income countries (%),,10.5
2021,Barcelona,el Clot,average income per person (€),,16633
2021,Barcelona,el Parc i la Llacuna del Poblenou,employed population (%),,64.6
2021,Barcelona,el Parc i la Llacuna del Poblenou,low-skilled workers (%),,4.4
2021,Barcelona,el Parc i la Llacuna del Poblenou,population with low studies (%),,10.9
2021,Barcelona,el Parc i la Llacuna del Poblenou,young population without post-compulsory education (%),,11.7
2021,Barcelona,el Parc i la Llacuna del Poblenou,foreign population from low or middle income countries (%),,10.9
2021,Barcelona,el Parc i la Llacuna del Poblenou,average income per person (€),,17195
2021,Barcelona,la Vila Olímpica del Poblenou,employed population (%),,64
2021,Barcelona,la Vila Olímpica del Poblenou,low-skilled workers (%),,1.9
2021,Barcelona,la Vila Olímpica del Poblenou,population with low studies (%),,4.8
2021,Barcelona,la Vila Olímpica del Poblenou,young population without post-compulsory education (%),,6.2
2021,Barcelona,la Vila Olímpica del Poblenou,foreign population from low or middle income countries (%),,6.4
2021,Barcelona,la Vila Olímpica del Poblenou,average income per person (€),,23868
2021,Barcelona,el Poblenou,employed population (%),,68.7
2021,Barcelona,el Poblenou,low-skilled workers (%),,4.4
2021,Barcelona,el Poblenou,population with low studies (%),,10.8
2021,Barcelona,el Poblenou,young population without post-compulsory education (%),,12.5
2021,Barcelona,el Poblenou,foreign population from low or middle income countries (%),,9.2
2021,Barcelona,el Poblenou,average income per person (€),,17671
2021,Barcelona,Diagonal Mar i el Front Marítim del Poblenou,employed population (%),,67.9
2021,Barcelona,Diagonal Mar i el Front Marítim del Poblenou,low-skilled workers (%),,3.1
2021,Barcelona,Diagonal Mar i el Front Marítim del Poblenou,population with low studies (%),,10.7
2021,Barcelona,Diagonal Mar i el Front Marítim del Poblenou,young population without post-compulsory education (%),,11.5
2021,Barcelona,Diagonal Mar i el Front Marítim del Poblenou,foreign population from low or middle income countries (%),,10.4
2021,Barcelona,Diagonal Mar i el Front Marítim del Poblenou,average income per person (€),,19209
2021,Barcelona,el Besòs i el Maresme,employed population (%),,51.8
2021,Barcelona,el Besòs i el Maresme,low-skilled workers (%),,18.1
2021,Barcelona,el Besòs i el Maresme,population with low studies (%),,23.5
2021,Barcelona,el Besòs i el Maresme,young population without post-compulsory education (%),,41.4
2021,Barcelona,el Besòs i el Maresme,foreign population from low or middle income countries (%),,25.7
2021,Barcelona,el Besòs i el Maresme,average income per person (€),,10964
2021,Barcelona,Provençals del Poblenou,employed population (%),,67.1
2021,Barcelona,Provençals del Poblenou,low-skilled workers (%),,6.9
2021,Barcelona,Provençals del Poblenou,population with low studies (%),,13.2
2021,Barcelona,Provençals del Poblenou,young population without post-compulsory education (%),,17.8
2021,Barcelona,Provençals del Poblenou,foreign population from low or middle income countries (%),,11
2021,Barcelona,Provençals del Poblenou,average income per person (€),,15631
2021,Barcelona,Sant Martí de Provençals,employed population (%),,65.7
2021,Barcelona,Sant Martí de Provençals,low-skilled workers (%),,8.4
2021,Barcelona,Sant Martí de Provençals,population with low studies (%),,16.8
2021,Barcelona,Sant Martí de Provençals,young population without post-compulsory education (%),,18.3
2021,Barcelona,Sant Martí de Provençals,foreign population from low or middle income countries (%),,11.5
2021,Barcelona,Sant Martí de Provençals,average income per person (€),,14924
2021,Barcelona,la Verneda i la Pau,employed population (%),,63.7
2021,Barcelona,la Verneda i la Pau,low-skilled workers (%),,11.3
2021,Barcelona,la Verneda i la Pau,population with low studies (%),,19.3
2021,Barcelona,la Verneda i la Pau,young population without post-compulsory education (%),,23.5
2021,Barcelona,la Verneda i la Pau,foreign population from low or middle income countries (%),,12.3
2021,Barcelona,la Verneda i la Pau,average income per person (€),,13649
2021,Barcelona,total,employed population (%),,63.8
2021,Barcelona,total,low-skilled workers (%),,7.6
2021,Barcelona,total,population with low studies (%),,12.7
2021,Barcelona,total,young population without post-compulsory education (%),,16.6
2021,Barcelona,total,foreign population from low or middle income countries (%),,12.9
2021,Barcelona,total,average income per person (€),,17350
2022,Barcelona,el Raval,employed population (%),,57.5
2022,Barcelona,el Raval,low-skilled workers (%),,13.4
2022,Barcelona,el Raval,population with low studies (%),,17.7
2022,Barcelona,el Raval,young population without post-compulsory education (%),,29.9
2022,Barcelona,el Raval,foreign population from low or middle income countries (%),,38.5
2022,Barcelona,el Raval,average income per person (€),,10893
2022,Barcelona,el Barri Gòtic,employed population (%),,45.3
2022,Barcelona,el Barri Gòtic,low-skilled workers (%),,11.4
2022,Barcelona,el Barri Gòtic,population with low studies (%),,20.6
2022,Barcelona,el Barri Gòtic,young population without post-compulsory education (%),,35.2
2022,Barcelona,el Barri Gòtic,foreign population from low or middle income countries (%),,22.5
2022,Barcelona,el Barri Gòtic,average income per person (€),,13971
2022,Barcelona,la Barceloneta,employed population (%),,59.9
2022,Barcelona,la Barceloneta,low-skilled workers (%),,9.7
2022,Barcelona,la Barceloneta,population with low studies (%),,14.6
2022,Barcelona,la Barceloneta,young population without post-compulsory education (%),,17
2022,Barcelona,la Barceloneta,foreign population from low or middle income countries (%),,19
2022,Barcelona,la Barceloneta,average income per person (€),,14117
2022,Barcelona,"Sant Pere, Santa Caterina i la Ribera",employed population (%),,59.7
2022,Barcelona,"Sant Pere, Santa Caterina i la Ribera",low-skilled workers (%),,7
2022,Barcelona,"Sant Pere, Santa Caterina i la Ribera",population with low studies (%),,10.1
2022,Barcelona,"Sant Pere, Santa Caterina i la Ribera",young population without post-compulsory education (%),,12.9
2022,Barcelona,"Sant Pere, Santa Caterina i la Ribera",foreign population from low or middle income countries (%),,18.9
2022,Barcelona,"Sant Pere, Santa Caterina i la Ribera",average income per person (€),,15379
2022,Barcelona,el Fort Pienc,employed population (%),,63.8
2022,Barcelona,el Fort Pienc,low-skilled workers (%),,5.4
2022,Barcelona,el Fort Pienc,population with low studies (%),,9.3
2022,Barcelona,el Fort Pienc,young population without post-compulsory education (%),,12.2
2022,Barcelona,el Fort Pienc,foreign population from low or middle income countries (%),,13.6
2022,Barcelona,el Fort Pienc,average income per person (€),,19279
2022,Barcelona,la Sagrada Família,employed population (%),,67.5
2022,Barcelona,la Sagrada Família,low-skilled workers (%),,5.2
2022,Barcelona,la Sagrada Família,population with low studies (%),,9.6
2022,Barcelona,la Sagrada Família,young population without post-compulsory education (%),,9.6
2022,Barcelona,la Sagrada Família,foreign population from low or middle income countries (%),,14.6
2022,Barcelona,la Sagrada Família,average income per person (€),,18588
2022,Barcelona,la Dreta de l'Eixample,employed population (%),,63.7
2022,Barcelona,la Dreta de l'Eixample,low-skilled workers (%),,2.9
2022,Barcelona,la Dreta de l'Eixample,population with low studies (%),,5.6
2022,Barcelona,la Dreta de l'Eixample,young population without post-compulsory education (%),,5.5
2022,Barcelona,la Dreta de l'Eixample,foreign population from low or middle income countries (%),,10.8
2022,Barcelona,la Dreta de l'Eixample,average income per person (€),,23769
2022,Barcelona,l'Antiga Esquerra de l'Eixample,employed population (%),,64.9
2022,Barcelona,l'Antiga Esquerra de l'Eixample,low-skilled workers (%),,3.6
2022,Barcelona,l'Antiga Esquerra de l'Eixample,population with low studies (%),,6.4
2022,Barcelona,l'Antiga Esquerra de l'Eixample,young population without post-compulsory education (%),,6.9
2022,Barcelona,l'Antiga Esquerra de l'Eixample,foreign population from low or middle income countries (%),,12.2
2022,Barcelona,l'Antiga Esquerra de l'Eixample,average income per person (€),,22561
2022,Barcelona,la Nova Esquerra de l'Eixample,employed population (%),,67.9
2022,Barcelona,la Nova Esquerra de l'Eixample,low-skilled workers (%),,4.7
2022,Barcelona,la Nova Esquerra de l'Eixample,population with low studies (%),,7.6
2022,Barcelona,la Nova Esquerra de l'Eixample,young population without post-compulsory education (%),,7.9
2022,Barcelona,la Nova Esquerra de l'Eixample,foreign population from low or middle income countries (%),,12.2
2022,Barcelona,la Nova Esquerra de l'Eixample,average income per person (€),,20750
2022,Barcelona,Sant Antoni,employed population (%),,67.2
2022,Barcelona,Sant Antoni,low-skilled workers (%),,5.4
2022,Barcelona,Sant Antoni,population with low studies (%),,10.1
2022,Barcelona,Sant Antoni,young population without post-compulsory education (%),,11.9
2022,Barcelona,Sant Antoni,foreign population from low or middle income countries (%),,14.4
2022,Barcelona,Sant Antoni,average income per person (€),,18720
2022,Barcelona,el Poble Sec,employed population (%),,63.6
2022,Barcelona,el Poble Sec,low-skilled workers (%),,9.8
2022,Barcelona,el Poble Sec,population with low studies (%),,13.6
2022,Barcelona,el Poble Sec,young population without post-compulsory education (%),,19.3
2022,Barcelona,el Poble Sec,foreign population from low or middle income countries (%),,20.6
2022,Barcelona,el Poble Sec,average income per person (€),,14272
2022,Barcelona,la Marina del Prat Vermell,employed population (%),,53.5
2022,Barcelona,la Marina del Prat Vermell,low-skilled workers (%),,15.2
2022,Barcelona,la Marina del Prat Vermell,population with low studies (%),,21
2022,Barcelona,la Marina del Prat Vermell,young population without post-compulsory education (%),,40.7
2022,Barcelona,la Marina del Prat Vermell,foreign population from low or middle income countries (%),,12.4
2022,Barcelona,la Marina del Prat Vermell,average income per person (€),,12529
2022,Barcelona,la Marina de Port,employed population (%),,64.4
2022,Barcelona,la Marina de Port,low-skilled workers (%),,12.1
2022,Barcelona,la Marina de Port,population with low studies (%),,15.7
2022,Barcelona,la Marina de Port,young population without post-compulsory education (%),,23.9
2022,Barcelona,la Marina de Port,foreign population from low or middle income countries (%),,14
2022,Barcelona,la Marina de Port,average income per person (€),,14303
2022,Barcelona,la Font de la Guatlla,employed population (%),,66.3
2022,Barcelona,la Font de la Guatlla,low-skilled workers (%),,8.8
2022,Barcelona,la Font de la Guatlla,population with low studies (%),,12.5
2022,Barcelona,la Font de la Guatlla,young population without post-compulsory education (%),,16.1
2022,Barcelona,la Font de la Guatlla,foreign population from low or middle income countries (%),,16
2022,Barcelona,la Font de la Guatlla,average income per person (€),,17321
2022,Barcelona,Hostafrancs,employed population (%),,64.9
2022,Barcelona,Hostafrancs,low-skilled workers (%),,7.3
2022,Barcelona,Hostafrancs,population with low studies (%),,11.7
2022,Barcelona,Hostafrancs,young population without post-compulsory education (%),,16.2
2022,Barcelona,Hostafrancs,foreign population from low or middle income countries (%),,17.2
2022,Barcelona,Hostafrancs,average income per person (€),,16478
2022,Barcelona,la Bordeta,employed population (%),,68.5
2022,Barcelona,la Bordeta,low-skilled workers (%),,7
2022,Barcelona,la Bordeta,population with low studies (%),,13.4
2022,Barcelona,la Bordeta,young population without post-compulsory education (%),,13.9
2022,Barcelona,la Bordeta,foreign population from low or middle income countries (%),,10.7
2022,Barcelona,la Bordeta,average income per person (€),,16799
2022,Barcelona,Sants-Badal,employed population (%),,66.8
2022,Barcelona,Sants-Badal,low-skilled workers (%),,9.4
2022,Barcelona,Sants-Badal,population with low studies (%),,13.6
2022,Barcelona,Sants-Badal,young population without post-compulsory education (%),,14.5
2022,Barcelona,Sants-Badal,foreign population from low or middle income countries (%),,15.4
2022,Barcelona,Sants-Badal,average income per person (€),,16117
2022,Barcelona,Sants,employed population (%),,64.5
2022,Barcelona,Sants,low-skilled workers (%),,7.1
2022,Barcelona,Sants,population with low studies (%),,11.2
2022,Barcelona,Sants,young population without post-compulsory education (%),,12.3
2022,Barcelona,Sants,foreign population from low or middle income countries (%),,12.5
2022,Barcelona,Sants,average income per person (€),,18090
2022,Barcelona,les Corts,employed population (%),,68.6
2022,Barcelona,les Corts,low-skilled workers (%),,3.7
2022,Barcelona,les Corts,population with low studies (%),,7.7
2022,Barcelona,les Corts,young population without post-compulsory education (%),,6.8
2022,Barcelona,les Corts,foreign population from low or middle income countries (%),,7.7
2022,Barcelona,les Corts,average income per person (€),,23381
2022,Barcelona,la Maternitat i Sant Ramon,employed population (%),,68.5
2022,Barcelona,la Maternitat i Sant Ramon,low-skilled workers (%),,4.8
2022,Barcelona,la Maternitat i Sant Ramon,population with low studies (%),,9.9
2022,Barcelona,la Maternitat i Sant Ramon,young population without post-compulsory education (%),,7.8
2022,Barcelona,la Maternitat i Sant Ramon,foreign population from low or middle income countries (%),,9.8
2022,Barcelona,la Maternitat i Sant Ramon,average income per person (€),,20894
2022,Barcelona,Pedralbes,employed population (%),,60.8
2022,Barcelona,Pedralbes,low-skilled workers (%),,2.1
2022,Barcelona,Pedralbes,population with low studies (%),,4.4
2022,Barcelona,Pedralbes,young population without post-compulsory education (%),,4.4
2022,Barcelona,Pedralbes,foreign population from low or middle income countries (%),,7.9
2022,Barcelona,Pedralbes,average income per person (€),,31219
2022,Barcelona,"Vallvidrera, el Tibidabo i les Planes",employed population (%),,66.2
2022,Barcelona,"Vallvidrera, el Tibidabo i les Planes",low-skilled workers (%),,4.8
2022,Barcelona,"Vallvidrera, el Tibidabo i les Planes",population with low studies (%),,7
2022,Barcelona,"Vallvidrera, el Tibidabo i les Planes",young population without post-compulsory education (%),,12
2022,Barcelona,"Vallvidrera, el Tibidabo i les Planes",foreign population from low or middle income countries (%),,3.9
2022,Barcelona,"Vallvidrera, el Tibidabo i les Planes",average income per person (€),,23458
2022,Barcelona,Sarrià,employed population (%),,67.4
2022,Barcelona,Sarrià,low-skilled workers (%),,2.1
2022,Barcelona,Sarrià,population with low studies (%),,5.4
2022,Barcelona,Sarrià,young population without post-compulsory education (%),,5.9
2022,Barcelona,Sarrià,foreign population from low or middle income countries (%),,4.6
2022,Barcelona,Sarrià,average income per person (€),,28558
2022,Barcelona,les Tres Torres,employed population (%),,66.9
2022,Barcelona,les Tres Torres,low-skilled workers (%),,2.2
2022,Barcelona,les Tres Torres,population with low studies (%),,3.6
2022,Barcelona,les Tres Torres,young population without post-compulsory education (%),,4.7
2022,Barcelona,les Tres Torres,foreign population from low or middle income countries (%),,4.3
2022,Barcelona,les Tres Torres,average income per person (€),,33382
2022,Barcelona,Sant Gervasi-la Bonanova,employed population (%),,66.6
2022,Barcelona,Sant Gervasi-la Bonanova,low-skilled workers (%),,2.8
2022,Barcelona,Sant Gervasi-la Bonanova,population with low studies (%),,4.4
2022,Barcelona,Sant Gervasi-la Bonanova,young population without post-compulsory education (%),,5.7
2022,Barcelona,Sant Gervasi-la Bonanova,foreign population from low or middle income countries (%),,5.8
2022,Barcelona,Sant Gervasi-la Bonanova,average income per person (€),,28883
2022,Barcelona,Sant Gervasi-Galvany,employed population (%),,66.9
2022,Barcelona,Sant Gervasi-Galvany,low-skilled workers (%),,2.2
2022,Barcelona,Sant Gervasi-Galvany,population with low studies (%),,4
2022,Barcelona,Sant Gervasi-Galvany,young population without post-compulsory education (%),,4.3
2022,Barcelona,Sant Gervasi-Galvany,foreign population from low or middle income countries (%),,6.2
2022,Barcelona,Sant Gervasi-Galvany,average income per person (€),,29287
2022,Barcelona,el Putxet i el Farró,employed population (%),,69.5
2022,Barcelona,el Putxet i el Farró,low-skilled workers (%),,2.9
2022,Barcelona,el Putxet i el Farró,population with low studies (%),,4.5
2022,Barcelona,el Putxet i el Farró,young population without post-compulsory education (%),,5.6
2022,Barcelona,el Putxet i el Farró,foreign population from low or middle income countries (%),,7.3
2022,Barcelona,el Putxet i el Farró,average income per person (€),,23839
2022,Barcelona,Vallcarca i els Penitents,employed population (%),,69.5
2022,Barcelona,Vallcarca i els Penitents,low-skilled workers (%),,4.9
2022,Barcelona,Vallcarca i els Penitents,population with low studies (%),,8.4
2022,Barcelona,Vallcarca i els Penitents,young population without post-compulsory education (%),,9.2
2022,Barcelona,Vallcarca i els Penitents,foreign population from low or middle income countries (%),,8.9
2022,Barcelona,Vallcarca i els Penitents,average income per person (€),,21267
2022,Barcelona,el Coll,employed population (%),,68.7
2022,Barcelona,el Coll,low-skilled workers (%),,6.3
2022,Barcelona,el Coll,population with low studies (%),,10.9
2022,Barcelona,el Coll,young population without post-compulsory education (%),,13.4
2022,Barcelona,el Coll,foreign population from low or middle income countries (%),,12
2022,Barcelona,el Coll,average income per person (€),,16945
2022,Barcelona,la Salut,employed population (%),,69.6
2022,Barcelona,la Salut,low-skilled workers (%),,4.1
2022,Barcelona,la Salut,population with low studies (%),,8.6
2022,Barcelona,la Salut,young population without post-compulsory education (%),,8.2
2022,Barcelona,la Salut,foreign population from low or middle income countries (%),,7.6
2022,Barcelona,la Salut,average income per person (€),,20622
2022,Barcelona,la Vila de Gràcia,employed population (%),,68.2
2022,Barcelona,la Vila de Gràcia,low-skilled workers (%),,3.9
2022,Barcelona,la Vila de Gràcia,population with low studies (%),,7.8
2022,Barcelona,la Vila de Gràcia,young population without post-compulsory education (%),,7.4
2022,Barcelona,la Vila de Gràcia,foreign population from low or middle income countries (%),,9.6
2022,Barcelona,la Vila de Gràcia,average income per person (€),,19570
2022,Barcelona,el Camp d'en Grassot i Gràcia Nova,employed population (%),,68.3
2022,Barcelona,el Camp d'en Grassot i Gràcia Nova,low-skilled workers (%),,3.9
2022,Barcelona,el Camp d'en Grassot i Gràcia Nova,population with low studies (%),,8.6
2022,Barcelona,el Camp d'en Grassot i Gràcia Nova,young population without post-compulsory education (%),,9.2
2022,Barcelona,el Camp d'en Grassot i Gràcia Nova,foreign population from low or middle income countries (%),,8.4
2022,Barcelona,el Camp d'en Grassot i Gràcia Nova,average income per person (€),,20491
2022,Barcelona,el Baix Guinardó,employed population (%),,69.5
2022,Barcelona,el Baix Guinardó,low-skilled workers (%),,5.3
2022,Barcelona,el Baix Guinardó,population with low studies (%),,11.1
2022,Barcelona,el Baix Guinardó,young population without post-compulsory education (%),,10.8
2022,Barcelona,el Baix Guinardó,foreign population from low or middle income countries (%),,10.9
2022,Barcelona,el Baix Guinardó,average income per person (€),,17923
2022,Barcelona,Can Baró,employed population (%),,68.8
2022,Barcelona,Can Baró,low-skilled workers (%),,7.9
2022,Barcelona,Can Baró,population with low studies (%),,12
2022,Barcelona,Can Baró,young population without post-compulsory education (%),,13.8
2022,Barcelona,Can Baró,foreign population from low or middle income countries (%),,10.9
2022,Barcelona,Can Baró,average income per person (€),,16469
2022,Barcelona,el Guinardó,employed population (%),,69.4
2022,Barcelona,el Guinardó,low-skilled workers (%),,7.1
2022,Barcelona,el Guinardó,population with low studies (%),,11.2
2022,Barcelona,el Guinardó,young population without post-compulsory education (%),,12.3
2022,Barcelona,el Guinardó,foreign population from low or middle income countries (%),,11.7
2022,Barcelona,el Guinardó,average income per person (€),,17258
2022,Barcelona,la Font d'en Fargues,employed population (%),,71.8
2022,Barcelona,la Font d'en Fargues,low-skilled workers (%),,4.8
2022,Barcelona,la Font d'en Fargues,population with low studies (%),,9.7
2022,Barcelona,la Font d'en Fargues,young population without post-compulsory education (%),,8.2
2022,Barcelona,la Font d'en Fargues,foreign population from low or middle income countries (%),,4.8
2022,Barcelona,la Font d'en Fargues,average income per person (€),,20795
2022,Barcelona,el Carmel,employed population (%),,66.5
2022,Barcelona,el Carmel,low-skilled workers (%),,13.3
2022,Barcelona,el Carmel,population with low studies (%),,18.9
2022,Barcelona,el Carmel,young population without post-compulsory education (%),,22.8
2022,Barcelona,el Carmel,foreign population from low or middle income countries (%),,15.1
2022,Barcelona,el Carmel,average income per person (€),,12842
2022,Barcelona,la Teixonera,employed population (%),,67
2022,Barcelona,la Teixonera,low-skilled workers (%),,10.2
2022,Barcelona,la Teixonera,population with low studies (%),,16.1
2022,Barcelona,la Teixonera,young population without post-compulsory education (%),,19.1
2022,Barcelona,la Teixonera,foreign population from low or middle income countries (%),,13.4
2022,Barcelona,la Teixonera,average income per person (€),,14048
2022,Barcelona,Sant Genís dels Agudells,employed population (%),,66.9
2022,Barcelona,Sant Genís dels Agudells,low-skilled workers (%),,10.4
2022,Barcelona,Sant Genís dels Agudells,population with low studies (%),,16.7
2022,Barcelona,Sant Genís dels Agudells,young population without post-compulsory education (%),,18.5
2022,Barcelona,Sant Genís dels Agudells,foreign population from low or middle income countries (%),,13.8
2022,Barcelona,Sant Genís dels Agudells,average income per person (€),,14606
2022,Barcelona,Montbau,employed population (%),,67
2022,Barcelona,Montbau,low-skilled workers (%),,5.5
2022,Barcelona,Montbau,population with low studies (%),,15.9
2022,Barcelona,Montbau,young population without post-compulsory education (%),,13.7
2022,Barcelona,Montbau,foreign population from low or middle income countries (%),,12.1
2022,Barcelona,Montbau,average income per person (€),,16264
2022,Barcelona,la Vall d'Hebron,employed population (%),,71
2022,Barcelona,la Vall d'Hebron,low-skilled workers (%),,4.8
2022,Barcelona,la Vall d'Hebron,population with low studies (%),,12.9
2022,Barcelona,la Vall d'Hebron,young population without post-compulsory education (%),,12.2
2022,Barcelona,la Vall d'Hebron,foreign population from low or middle income countries (%),,7.1
2022,Barcelona,la Vall d'Hebron,average income per person (€),,19077
2022,Barcelona,la Clota,employed population (%),,72.5
2022,Barcelona,la Clota,low-skilled workers (%),,8.4
2022,Barcelona,la Clota,population with low studies (%),,13.2
2022,Barcelona,la Clota,young population without post-compulsory education (%),,26.5
2022,Barcelona,la Clota,foreign population from low or middle income countries (%),,9.6
2022,Barcelona,la Clota,average income per person (€),,16063
2022,Barcelona,Horta,employed population (%),,63.7
2022,Barcelona,Horta,low-skilled workers (%),,8.3
2022,Barcelona,Horta,population with low studies (%),,16
2022,Barcelona,Horta,young population without post-compulsory education (%),,19.7
2022,Barcelona,Horta,foreign population from low or middle income countries (%),,8.8
2022,Barcelona,Horta,average income per person (€),,16836
2022,Barcelona,Vilapicina i la Torre Llobeta,employed population (%),,68.2
2022,Barcelona,Vilapicina i la Torre Llobeta,low-skilled workers (%),,8.9
2022,Barcelona,Vilapicina i la Torre Llobeta,population with low studies (%),,14.6
2022,Barcelona,Vilapicina i la Torre Llobeta,young population without post-compulsory education (%),,16.6
2022,Barcelona,Vilapicina i la Torre Llobeta,foreign population from low or middle income countries (%),,12.7
2022,Barcelona,Vilapicina i la Torre Llobeta,average income per person (€),,15950
2022,Barcelona,Porta,employed population (%),,61
2022,Barcelona,Porta,low-skilled workers (%),,12.5
2022,Barcelona,Porta,population with low studies (%),,18.9
2022,Barcelona,Porta,young population without post-compulsory education (%),,28.3
2022,Barcelona,Porta,foreign population from low or middle income countries (%),,14.5
2022,Barcelona,Porta,average income per person (€),,14384
2022,Barcelona,el Turó de la Peira,employed population (%),,62.9
2022,Barcelona,el Turó de la Peira,low-skilled workers (%),,16.1
2022,Barcelona,el Turó de la Peira,population with low studies (%),,18.5
2022,Barcelona,el Turó de la Peira,young population without post-compulsory education (%),,25.8
2022,Barcelona,el Turó de la Peira,foreign population from low or middle income countries (%),,21.9
2022,Barcelona,el Turó de la Peira,average income per person (€),,12071
2022,Barcelona,Can Peguera,employed population (%),,52.5
2022,Barcelona,Can Peguera,low-skilled workers (%),,17.4
2022,Barcelona,Can Peguera,population with low studies (%),,17.7
2022,Barcelona,Can Peguera,young population without post-compulsory education (%),,36.1
2022,Barcelona,Can Peguera,foreign population from low or middle income countries (%),,8.2
2022,Barcelona,Can Peguera,average income per person (€),,11678
2022,Barcelona,la Guineueta,employed population (%),,69.2
2022,Barcelona,la Guineueta,low-skilled workers (%),,8.9
2022,Barcelona,la Guineueta,population with low studies (%),,16.8
2022,Barcelona,la Guineueta,young population without post-compulsory education (%),,17.2
2022,Barcelona,la Guineueta,foreign population from low or middle income countries (%),,7.9
2022,Barcelona,la Guineueta,average income per person (€),,16198
2022,Barcelona,Canyelles,employed population (%),,66.8
2022,Barcelona,Canyelles,low-skilled workers (%),,13.8
2022,Barcelona,Canyelles,population with low studies (%),,18.9
2022,Barcelona,Canyelles,young population without post-compulsory education (%),,23.2
2022,Barcelona,Canyelles,foreign population from low or middle income countries (%),,6
2022,Barcelona,Canyelles,average income per person (€),,15365
2022,Barcelona,les Roquetes,employed population (%),,60.5
2022,Barcelona,les Roquetes,low-skilled workers (%),,21
2022,Barcelona,les Roquetes,population with low studies (%),,20.5
2022,Barcelona,les Roquetes,young population without post-compulsory education (%),,35.8
2022,Barcelona,les Roquetes,foreign population from low or middle income countries (%),,21.1
2022,Barcelona,les Roquetes,average income per person (€),,10946
2022,Barcelona,Verdun,employed population (%),,62.4
2022,Barcelona,Verdun,low-skilled workers (%),,17.1
2022,Barcelona,Verdun,population with low studies (%),,20.2
2022,Barcelona,Verdun,young population without post-compulsory education (%),,29.5
2022,Barcelona,Verdun,foreign population from low or middle income countries (%),,20.2
2022,Barcelona,Verdun,average income per person (€),,11911
2022,Barcelona,la Prosperitat,employed population (%),,66.9
2022,Barcelona,la Prosperitat,low-skilled workers (%),,13.6
2022,Barcelona,la Prosperitat,population with low studies (%),,20.1
2022,Barcelona,la Prosperitat,young population without post-compulsory education (%),,24.8
2022,Barcelona,la Prosperitat,foreign population from low or middle income countries (%),,15.5
2022,Barcelona,la Prosperitat,average income per person (€),,13299
2022,Barcelona,la Trinitat Nova,employed population (%),,58.6
2022,Barcelona,la Trinitat Nova,low-skilled workers (%),,21.2
2022,Barcelona,la Trinitat Nova,population with low studies (%),,18.4
2022,Barcelona,la Trinitat Nova,young population without post-compulsory education (%),,38.5
2022,Barcelona,la Trinitat Nova,foreign population from low or middle income countries (%),,20.9
2022,Barcelona,la Trinitat Nova,average income per person (€),,10813
2022,Barcelona,Torre Baró,employed population (%),,53.2
2022,Barcelona,Torre Baró,low-skilled workers (%),,23
2022,Barcelona,Torre Baró,population with low studies (%),,16.9
2022,Barcelona,Torre Baró,young population without post-compulsory education (%),,38.4
2022,Barcelona,Torre Baró,foreign population from low or middle income countries (%),,17.2
2022,Barcelona,Torre Baró,average income per person (€),,10082
2022,Barcelona,Ciutat Meridiana,employed population (%),,56.3
2022,Barcelona,Ciutat Meridiana,low-skilled workers (%),,25.5
2022,Barcelona,Ciutat Meridiana,population with low studies (%),,22.7
2022,Barcelona,Ciutat Meridiana,young population without post-compulsory education (%),,42.4
2022,Barcelona,Ciutat Meridiana,foreign population from low or middle income countries (%),,29.2
2022,Barcelona,Ciutat Meridiana,average income per person (€),,9266
2022,Barcelona,Vallbona,employed population (%),,60.2
2022,Barcelona,Vallbona,low-skilled workers (%),,21.3
2022,Barcelona,Vallbona,population with low studies (%),,20.2
2022,Barcelona,Vallbona,young population without post-compulsory education (%),,41.2
2022,Barcelona,Vallbona,foreign population from low or middle income countries (%),,13.8
2022,Barcelona,Vallbona,average income per person (€),,10461
2022,Barcelona,la Trinitat Vella,employed population (%),,58.8
2022,Barcelona,la Trinitat Vella,low-skilled workers (%),,20.3
2022,Barcelona,la Trinitat Vella,population with low studies (%),,20.1
2022,Barcelona,la Trinitat Vella,young population without post-compulsory education (%),,39.1
2022,Barcelona,la Trinitat Vella,foreign population from low or middle income countries (%),,27.2
2022,Barcelona,la Trinitat Vella,average income per person (€),,10358
2022,Barcelona,Baró de Viver,employed population (%),,55.3
2022,Barcelona,Baró de Viver,low-skilled workers (%),,20.2
2022,Barcelona,Baró de Viver,population with low studies (%),,19.4
2022,Barcelona,Baró de Viver,young population without post-compulsory education (%),,43.2
2022,Barcelona,Baró de Viver,foreign population from low or middle income countries (%),,13.1
2022,Barcelona,Baró de Viver,average income per person (€),,10759
2022,Barcelona,el Bon Pastor,employed population (%),,58.9
2022,Barcelona,el Bon Pastor,low-skilled workers (%),,15.4
2022,Barcelona,el Bon Pastor,population with low studies (%),,18.7
2022,Barcelona,el Bon Pastor,young population without post-compulsory education (%),,36.2
2022,Barcelona,el Bon Pastor,foreign population from low or middle income countries (%),,12.8
2022,Barcelona,el Bon Pastor,average income per person (€),,13132
2022,Barcelona,Sant Andreu,employed population (%),,71.3
2022,Barcelona,Sant Andreu,low-skilled workers (%),,6.5
2022,Barcelona,Sant Andreu,population with low studies (%),,13
2022,Barcelona,Sant Andreu,young population without post-compulsory education (%),,18.2
2022,Barcelona,Sant Andreu,foreign population from low or middle income countries (%),,7
2022,Barcelona,Sant Andreu,average income per person (€),,17635
2022,Barcelona,la Sagrera,employed population (%),,68.6
2022,Barcelona,la Sagrera,low-skilled workers (%),,8.1
2022,Barcelona,la Sagrera,population with low studies (%),,12.9
2022,Barcelona,la Sagrera,young population without post-compulsory education (%),,14.4
2022,Barcelona,la Sagrera,foreign population from low or middle income countries (%),,12.3
2022,Barcelona,la Sagrera,average income per person (€),,16359
2022,Barcelona,el Congrés i els Indians,employed population (%),,69
2022,Barcelona,el Congrés i els Indians,low-skilled workers (%),,8
2022,Barcelona,el Congrés i els Indians,population with low studies (%),,12.5
2022,Barcelona,el Congrés i els Indians,young population without post-compulsory education (%),,13.9
2022,Barcelona,el Congrés i els Indians,foreign population from low or middle income countries (%),,11.5
2022,Barcelona,el Congrés i els Indians,average income per person (€),,16408
2022,Barcelona,Navas,employed population (%),,70.3
2022,Barcelona,Navas,low-skilled workers (%),,7.2
2022,Barcelona,Navas,population with low studies (%),,11.8
2022,Barcelona,Navas,young population without post-compulsory education (%),,11.8
2022,Barcelona,Navas,foreign population from low or middle income countries (%),,11.8
2022,Barcelona,Navas,average income per person (€),,16966
2022,Barcelona,el Camp de l'Arpa del Clot,employed population (%),,69.1
2022,Barcelona,el Camp de l'Arpa del Clot,low-skilled workers (%),,6.2
2022,Barcelona,el Camp de l'Arpa del Clot,population with low studies (%),,10.9
2022,Barcelona,el Camp de l'Arpa del Clot,young population without post-compulsory education (%),,11.5
2022,Barcelona,el Camp de l'Arpa del Clot,foreign population from low or middle income countries (%),,12.8
2022,Barcelona,el Camp de l'Arpa del Clot,average income per person (€),,17683
2022,Barcelona,el Clot,employed population (%),,69.3
2022,Barcelona,el Clot,low-skilled workers (%),,6.6
2022,Barcelona,el Clot,population with low studies (%),,10.5
2022,Barcelona,el Clot,young population without post-compulsory education (%),,11.4
2022,Barcelona,el Clot,foreign population from low or middle income countries (%),,10.6
2022,Barcelona,el Clot,average income per person (€),,17386
2022,Barcelona,el Parc i la Llacuna del Poblenou,employed population (%),,66.6
2022,Barcelona,el Parc i la Llacuna del Poblenou,low-skilled workers (%),,4.6
2022,Barcelona,el Parc i la Llacuna del Poblenou,population with low studies (%),,10
2022,Barcelona,el Parc i la Llacuna del Poblenou,young population without post-compulsory education (%),,11.2
2022,Barcelona,el Parc i la Llacuna del Poblenou,foreign population from low or middle income countries (%),,11.1
2022,Barcelona,el Parc i la Llacuna del Poblenou,average income per person (€),,18325
2022,Barcelona,la Vila Olímpica del Poblenou,employed population (%),,65.5
2022,Barcelona,la Vila Olímpica del Poblenou,low-skilled workers (%),,1.8
2022,Barcelona,la Vila Olímpica del Poblenou,population with low studies (%),,4.5
2022,Barcelona,la Vila Olímpica del Poblenou,young population without post-compulsory education (%),,6
2022,Barcelona,la Vila Olímpica del Poblenou,foreign population from low or middle income countries (%),,7.2
2022,Barcelona,la Vila Olímpica del Poblenou,average income per person (€),,25939
2022,Barcelona,el Poblenou,employed population (%),,70
2022,Barcelona,el Poblenou,low-skilled workers (%),,4.3
2022,Barcelona,el Poblenou,population with low studies (%),,9.9
2022,Barcelona,el Poblenou,young population without post-compulsory education (%),,11.1
2022,Barcelona,el Poblenou,foreign population from low or middle income countries (%),,9.4
2022,Barcelona,el Poblenou,average income per person (€),,18874
2022,Barcelona,Diagonal Mar i el Front Marítim del Poblenou,employed population (%),,67.8
2022,Barcelona,Diagonal Mar i el Front Marítim del Poblenou,low-skilled workers (%),,3.1
2022,Barcelona,Diagonal Mar i el Front Marítim del Poblenou,population with low studies (%),,10.4
2022,Barcelona,Diagonal Mar i el Front Marítim del Poblenou,young population without post-compulsory education (%),,10.3
2022,Barcelona,Diagonal Mar i el Front Marítim del Poblenou,foreign population from low or middle income countries (%),,10.8
2022,Barcelona,Diagonal Mar i el Front Marítim del Poblenou,average income per person (€),,20593
2022,Barcelona,el Besòs i el Maresme,employed population (%),,52.3
2022,Barcelona,el Besòs i el Maresme,low-skilled workers (%),,17.4
2022,Barcelona,el Besòs i el Maresme,population with low studies (%),,22
2022,Barcelona,el Besòs i el Maresme,young population without post-compulsory education (%),,40.5
2022,Barcelona,el Besòs i el Maresme,foreign population from low or middle income countries (%),,25.3
2022,Barcelona,el Besòs i el Maresme,average income per person (€),,11577
2022,Barcelona,Provençals del Poblenou,employed population (%),,68.1
2022,Barcelona,Provençals del Poblenou,low-skilled workers (%),,7
2022,Barcelona,Provençals del Poblenou,population with low studies (%),,12.1
2022,Barcelona,Provençals del Poblenou,young population without post-compulsory education (%),,15.8
2022,Barcelona,Provençals del Poblenou,foreign population from low or middle income countries (%),,11.1
2022,Barcelona,Provençals del Poblenou,average income per person (€),,16402
2022,Barcelona,Sant Martí de Provençals,employed population (%),,67.4
2022,Barcelona,Sant Martí de Provençals,low-skilled workers (%),,8.3
2022,Barcelona,Sant Martí de Provençals,population with low studies (%),,15.8
2022,Barcelona,Sant Martí de Provençals,young population without post-compulsory education (%),,16.9
2022,Barcelona,Sant Martí de Provençals,foreign population from low or middle income countries (%),,11.6
2022,Barcelona,Sant Martí de Provençals,average income per person (€),,15546
2022,Barcelona,la Verneda i la Pau,employed population (%),,64.8
2022,Barcelona,la Verneda i la Pau,low-skilled workers (%),,11.2
2022,Barcelona,la Verneda i la Pau,population with low studies (%),,18.1
2022,Barcelona,la Verneda i la Pau,young population without post-compulsory education (%),,21.6
2022,Barcelona,la Verneda i la Pau,foreign population from low or middle income countries (%),,12.4
2022,Barcelona,la Verneda i la Pau,average income per person (€),,14188
2022,Barcelona,total,employed population (%),,65.6
2022,Barcelona,total,low-skilled workers (%),,7.6
2022,Barcelona,total,population with low studies (%),,11.9
2022,Barcelona,total,young population without post-compulsory education (%),,15.4
2022,Barcelona,total,foreign population from low or middle income countries (%),,12.9
2022,Barcelona,total,average income per person (€),,18404
2023,Barcelona,el Raval,employed population (%),,57.7
2023,Barcelona,el Raval,low-skilled workers (%),,12.6
2023,Barcelona,el Raval,population with low studies (%),,16.7
2023,Barcelona,el Raval,young population without post-compulsory education (%),,27.6
2023,Barcelona,el Raval,foreign population from low or middle income countries (%),,38.6
2023,Barcelona,el Raval,average income per person (€),,10913
2023,Barcelona,el Barri Gòtic,employed population (%),,44.9
2023,Barcelona,el Barri Gòtic,low-skilled workers (%),,11.5
2023,Barcelona,el Barri Gòtic,population with low studies (%),,21.1
2023,Barcelona,el Barri Gòtic,young population without post-compulsory education (%),,36.1
2023,Barcelona,el Barri Gòtic,foreign population from low or middle income countries (%),,30.3
2023,Barcelona,el Barri Gòtic,average income per person (€),,13530
2023,Barcelona,la Barceloneta,employed population (%),,59.2
2023,Barcelona,la Barceloneta,low-skilled workers (%),,8.6
2023,Barcelona,la Barceloneta,population with low studies (%),,13.4
2023,Barcelona,la Barceloneta,young population without post-compulsory education (%),,15.3
2023,Barcelona,la Barceloneta,foreign population from low or middle income countries (%),,20.7
2023,Barcelona,la Barceloneta,average income per person (€),,14118
2023,Barcelona,"Sant Pere, Santa Caterina i la Ribera",employed population (%),,59.5
2023,Barcelona,"Sant Pere, Santa Caterina i la Ribera",low-skilled workers (%),,6.7
2023,Barcelona,"Sant Pere, Santa Caterina i la Ribera",population with low studies (%),,9.6
2023,Barcelona,"Sant Pere, Santa Caterina i la Ribera",young population without post-compulsory education (%),,11.5
2023,Barcelona,"Sant Pere, Santa Caterina i la Ribera",foreign population from low or middle income countries (%),,20.7
2023,Barcelona,"Sant Pere, Santa Caterina i la Ribera",average income per person (€),,15372
2023,Barcelona,el Fort Pienc,employed population (%),,62.4
2023,Barcelona,el Fort Pienc,low-skilled workers (%),,5.5
2023,Barcelona,el Fort Pienc,population with low studies (%),,9.2
2023,Barcelona,el Fort Pienc,young population without post-compulsory education (%),,11.8
2023,Barcelona,el Fort Pienc,foreign population from low or middle income countries (%),,14.8
2023,Barcelona,el Fort Pienc,average income per person (€),,19251
2023,Barcelona,la Sagrada Família,employed population (%),,67.2
2023,Barcelona,la Sagrada Família,low-skilled workers (%),,5.2
2023,Barcelona,la Sagrada Família,population with low studies (%),,9.1
2023,Barcelona,la Sagrada Família,young population without post-compulsory education (%),,8.7
2023,Barcelona,la Sagrada Família,foreign population from low or middle income countries (%),,16.1
2023,Barcelona,la Sagrada Família,average income per person (€),,18578
2023,Barcelona,la Dreta de l'Eixample,employed population (%),,63.3
2023,Barcelona,la Dreta de l'Eixample,low-skilled workers (%),,2.6
2023,Barcelona,la Dreta de l'Eixample,population with low studies (%),,5.2
2023,Barcelona,la Dreta de l'Eixample,young population without post-compulsory education (%),,5.4
2023,Barcelona,la Dreta de l'Eixample,foreign population from low or middle income countries (%),,12.3
2023,Barcelona,la Dreta de l'Eixample,average income per person (€),,23756
2023,Barcelona,l'Antiga Esquerra de l'Eixample,employed population (%),,64
2023,Barcelona,l'Antiga Esquerra de l'Eixample,low-skilled workers (%),,3.6
2023,Barcelona,l'Antiga Esquerra de l'Eixample,population with low studies (%),,6.1
2023,Barcelona,l'Antiga Esquerra de l'Eixample,young population without post-compulsory education (%),,6.4
2023,Barcelona,l'Antiga Esquerra de l'Eixample,foreign population from low or middle income countries (%),,13.7
2023,Barcelona,l'Antiga Esquerra de l'Eixample,average income per person (€),,22555
2023,Barcelona,la Nova Esquerra de l'Eixample,employed population (%),,67.9
2023,Barcelona,la Nova Esquerra de l'Eixample,low-skilled workers (%),,4.4
2023,Barcelona,la Nova Esquerra de l'Eixample,population with low studies (%),,7.1
2023,Barcelona,la Nova Esquerra de l'Eixample,young population without post-compulsory education (%),,7.3
2023,Barcelona,la Nova Esquerra de l'Eixample,foreign population from low or middle income countries (%),,13.8
2023,Barcelona,la Nova Esquerra de l'Eixample,average income per person (€),,20741
2023,Barcelona,Sant Antoni,employed population (%),,67.5
2023,Barcelona,Sant Antoni,low-skilled workers (%),,5.3
2023,Barcelona,Sant Antoni,population with low studies (%),,9.4
2023,Barcelona,Sant Antoni,young population without post-compulsory education (%),,11
2023,Barcelona,Sant Antoni,foreign population from low or middle income countries (%),,15.6
2023,Barcelona,Sant Antoni,average income per person (€),,18715
2023,Barcelona,el Poble Sec,employed population (%),,63.9
2023,Barcelona,el Poble Sec,low-skilled workers (%),,9.1
2023,Barcelona,el Poble Sec,population with low studies (%),,12.8
2023,Barcelona,el Poble Sec,young population without post-compulsory education (%),,18
2023,Barcelona,el Poble Sec,foreign population from low or middle income countries (%),,21.3
2023,Barcelona,el Poble Sec,average income per person (€),,14269
2023,Barcelona,la Marina del Prat Vermell,employed population (%),,56.6
2023,Barcelona,la Marina del Prat Vermell,low-skilled workers (%),,14.2
2023,Barcelona,la Marina del Prat Vermell,population with low studies (%),,18.7
2023,Barcelona,la Marina del Prat Vermell,young population without post-compulsory education (%),,35.5
2023,Barcelona,la Marina del Prat Vermell,foreign population from low or middle income countries (%),,13.1
2023,Barcelona,la Marina del Prat Vermell,average income per person (€),,12529
2023,Barcelona,la Marina de Port,employed population (%),,64.9
2023,Barcelona,la Marina de Port,low-skilled workers (%),,11.7
2023,Barcelona,la Marina de Port,population with low studies (%),,14.8
2023,Barcelona,la Marina de Port,young population without post-compulsory education (%),,22.2
2023,Barcelona,la Marina de Port,foreign population from low or middle income countries (%),,15.3
2023,Barcelona,la Marina de Port,average income per person (€),,14314
2023,Barcelona,la Font de la Guatlla,employed population (%),,67.4
2023,Barcelona,la Font de la Guatlla,low-skilled workers (%),,8.6
2023,Barcelona,la Font de la Guatlla,population with low studies (%),,11.9
2023,Barcelona,la Font de la Guatlla,young population without post-compulsory education (%),,16.7
2023,Barcelona,la Font de la Guatlla,foreign population from low or middle income countries (%),,18.1
2023,Barcelona,la Font de la Guatlla,average income per person (€),,17348
2023,Barcelona,Hostafrancs,employed population (%),,65.9
2023,Barcelona,Hostafrancs,low-skilled workers (%),,7.1
2023,Barcelona,Hostafrancs,population with low studies (%),,11.1
2023,Barcelona,Hostafrancs,young population without post-compulsory education (%),,15.6
2023,Barcelona,Hostafrancs,foreign population from low or middle income countries (%),,18.4
2023,Barcelona,Hostafrancs,average income per person (€),,16480
2023,Barcelona,la Bordeta,employed population (%),,68.4
2023,Barcelona,la Bordeta,low-skilled workers (%),,6.6
2023,Barcelona,la Bordeta,population with low studies (%),,12.5
2023,Barcelona,la Bordeta,young population without post-compulsory education (%),,12.7
2023,Barcelona,la Bordeta,foreign population from low or middle income countries (%),,13.1
2023,Barcelona,la Bordeta,average income per person (€),,16811
2023,Barcelona,Sants-Badal,employed population (%),,67.4
2023,Barcelona,Sants-Badal,low-skilled workers (%),,9.3
2023,Barcelona,Sants-Badal,population with low studies (%),,12.8
2023,Barcelona,Sants-Badal,young population without post-compulsory education (%),,13.3
2023,Barcelona,Sants-Badal,foreign population from low or middle income countries (%),,17.3
2023,Barcelona,Sants-Badal,average income per person (€),,16116
2023,Barcelona,Sants,employed population (%),,66.2
2023,Barcelona,Sants,low-skilled workers (%),,7.3
2023,Barcelona,Sants,population with low studies (%),,12.1
2023,Barcelona,Sants,young population without post-compulsory education (%),,17
2023,Barcelona,Sants,foreign population from low or middle income countries (%),,13.9
2023,Barcelona,Sants,average income per person (€),,18090
2023,Barcelona,les Corts,employed population (%),,68.4
2023,Barcelona,les Corts,low-skilled workers (%),,3.6
2023,Barcelona,les Corts,population with low studies (%),,7.4
2023,Barcelona,les Corts,young population without post-compulsory education (%),,6.8
2023,Barcelona,les Corts,foreign population from low or middle income countries (%),,8.9
2023,Barcelona,les Corts,average income per person (€),,23385
2023,Barcelona,la Maternitat i Sant Ramon,employed population (%),,68.3
2023,Barcelona,la Maternitat i Sant Ramon,low-skilled workers (%),,4.6
2023,Barcelona,la Maternitat i Sant Ramon,population with low studies (%),,9.4
2023,Barcelona,la Maternitat i Sant Ramon,young population without post-compulsory education (%),,7.2
2023,Barcelona,la Maternitat i Sant Ramon,foreign population from low or middle income countries (%),,11.5
2023,Barcelona,la Maternitat i Sant Ramon,average income per person (€),,20862
2023,Barcelona,Pedralbes,employed population (%),,60.2
2023,Barcelona,Pedralbes,low-skilled workers (%),,2.3
2023,Barcelona,Pedralbes,population with low studies (%),,4.2
2023,Barcelona,Pedralbes,young population without post-compulsory education (%),,4.1
2023,Barcelona,Pedralbes,foreign population from low or middle income countries (%),,10
2023,Barcelona,Pedralbes,average income per person (€),,31232
2023,Barcelona,"Vallvidrera, el Tibidabo i les Planes",employed population (%),,66.1
2023,Barcelona,"Vallvidrera, el Tibidabo i les Planes",low-skilled workers (%),,4.8
2023,Barcelona,"Vallvidrera, el Tibidabo i les Planes",population with low studies (%),,7.1
2023,Barcelona,"Vallvidrera, el Tibidabo i les Planes",young population without post-compulsory education (%),,10.9
2023,Barcelona,"Vallvidrera, el Tibidabo i les Planes",foreign population from low or middle income countries (%),,5
2023,Barcelona,"Vallvidrera, el Tibidabo i les Planes",average income per person (€),,23418
2023,Barcelona,Sarrià,employed population (%),,67.5
2023,Barcelona,Sarrià,low-skilled workers (%),,2.3
2023,Barcelona,Sarrià,population with low studies (%),,5
2023,Barcelona,Sarrià,young population without post-compulsory education (%),,4.6
2023,Barcelona,Sarrià,foreign population from low or middle income countries (%),,5.8
2023,Barcelona,Sarrià,average income per person (€),,28523
2023,Barcelona,les Tres Torres,employed population (%),,67
2023,Barcelona,les Tres Torres,low-skilled workers (%),,2.6
2023,Barcelona,les Tres Torres,population with low studies (%),,3.4
2023,Barcelona,les Tres Torres,young population without post-compulsory education (%),,3.7
2023,Barcelona,les Tres Torres,foreign population from low or middle income countries (%),,5.3
2023,Barcelona,les Tres Torres,average income per person (€),,33355
2023,Barcelona,Sant Gervasi-la Bonanova,employed population (%),,66
2023,Barcelona,Sant Gervasi-la Bonanova,low-skilled workers (%),,2.8
2023,Barcelona,Sant Gervasi-la Bonanova,population with low studies (%),,4.2
2023,Barcelona,Sant Gervasi-la Bonanova,young population without post-compulsory education (%),,5.8
2023,Barcelona,Sant Gervasi-la Bonanova,foreign population from low or middle income countries (%),,6.9
2023,Barcelona,Sant Gervasi-la Bonanova,average income per person (€),,28843
2023,Barcelona,Sant Gervasi-Galvany,employed population (%),,66.7
2023,Barcelona,Sant Gervasi-Galvany,low-skilled workers (%),,2
2023,Barcelona,Sant Gervasi-Galvany,population with low studies (%),,3.6
2023,Barcelona,Sant Gervasi-Galvany,young population without post-compulsory education (%),,3.8
2023,Barcelona,Sant Gervasi-Galvany,foreign population from low or middle income countries (%),,7.5
2023,Barcelona,Sant Gervasi-Galvany,average income per person (€),,29261
2023,Barcelona,el Putxet i el Farró,employed population (%),,69.2
2023,Barcelona,el Putxet i el Farró,low-skilled workers (%),,2.6
2023,Barcelona,el Putxet i el Farró,population with low studies (%),,4.2
2023,Barcelona,el Putxet i el Farró,young population without post-compulsory education (%),,5.5
2023,Barcelona,el Putxet i el Farró,foreign population from low or middle income countries (%),,8.9
2023,Barcelona,el Putxet i el Farró,average income per person (€),,23860
2023,Barcelona,Vallcarca i els Penitents,employed population (%),,69.9
2023,Barcelona,Vallcarca i els Penitents,low-skilled workers (%),,4.8
2023,Barcelona,Vallcarca i els Penitents,population with low studies (%),,7.7
2023,Barcelona,Vallcarca i els Penitents,young population without post-compulsory education (%),,7.8
2023,Barcelona,Vallcarca i els Penitents,foreign population from low or middle income countries (%),,10.6
2023,Barcelona,Vallcarca i els Penitents,average income per person (€),,21243
2023,Barcelona,el Coll,employed population (%),,68.5
2023,Barcelona,el Coll,low-skilled workers (%),,6.6
2023,Barcelona,el Coll,population with low studies (%),,10.7
2023,Barcelona,el Coll,young population without post-compulsory education (%),,14.3
2023,Barcelona,el Coll,foreign population from low or middle income countries (%),,14.1
2023,Barcelona,el Coll,average income per person (€),,16943
2023,Barcelona,la Salut,employed population (%),,69.4
2023,Barcelona,la Salut,low-skilled workers (%),,3.9
2023,Barcelona,la Salut,population with low studies (%),,8.2
2023,Barcelona,la Salut,young population without post-compulsory education (%),,8.8
2023,Barcelona,la Salut,foreign population from low or middle income countries (%),,9.1
2023,Barcelona,la Salut,average income per person (€),,20599
2023,Barcelona,la Vila de Gràcia,employed population (%),,68.3
2023,Barcelona,la Vila de Gràcia,low-skilled workers (%),,3.9
2023,Barcelona,la Vila de Gràcia,population with low studies (%),,7.2
2023,Barcelona,la Vila de Gràcia,young population without post-compulsory education (%),,6.7
2023,Barcelona,la Vila de Gràcia,foreign population from low or middle income countries (%),,11
2023,Barcelona,la Vila de Gràcia,average income per person (€),,19570
2023,Barcelona,el Camp d'en Grassot i Gràcia Nova,employed population (%),,67.8
2023,Barcelona,el Camp d'en Grassot i Gràcia Nova,low-skilled workers (%),,3.9
2023,Barcelona,el Camp d'en Grassot i Gràcia Nova,population with low studies (%),,8.1
2023,Barcelona,el Camp d'en Grassot i Gràcia Nova,young population without post-compulsory education (%),,8.8
2023,Barcelona,el Camp d'en Grassot i Gràcia Nova,foreign population from low or middle income countries (%),,9.6
2023,Barcelona,el Camp d'en Grassot i Gràcia Nova,average income per person (€),,20481
2023,Barcelona,el Baix Guinardó,employed population (%),,70.4
2023,Barcelona,el Baix Guinardó,low-skilled workers (%),,5.3
2023,Barcelona,el Baix Guinardó,population with low studies (%),,10.4
2023,Barcelona,el Baix Guinardó,young population without post-compulsory education (%),,10
2023,Barcelona,el Baix Guinardó,foreign population from low or middle income countries (%),,12.2
2023,Barcelona,el Baix Guinardó,average income per person (€),,17916
2023,Barcelona,Can Baró,employed population (%),,68.7
2023,Barcelona,Can Baró,low-skilled workers (%),,7.3
2023,Barcelona,Can Baró,population with low studies (%),,11.6
2023,Barcelona,Can Baró,young population without post-compulsory education (%),,14
2023,Barcelona,Can Baró,foreign population from low or middle income countries (%),,13.1
2023,Barcelona,Can Baró,average income per person (€),,16464
2023,Barcelona,el Guinardó,employed population (%),,69.5
2023,Barcelona,el Guinardó,low-skilled workers (%),,6.8
2023,Barcelona,el Guinardó,population with low studies (%),,10.5
2023,Barcelona,el Guinardó,young population without post-compulsory education (%),,11.7
2023,Barcelona,el Guinardó,foreign population from low or middle income countries (%),,13.3
2023,Barcelona,el Guinardó,average income per person (€),,17254
2023,Barcelona,la Font d'en Fargues,employed population (%),,72.3
2023,Barcelona,la Font d'en Fargues,low-skilled workers (%),,4.5
2023,Barcelona,la Font d'en Fargues,population with low studies (%),,9.5
2023,Barcelona,la Font d'en Fargues,young population without post-compulsory education (%),,7.9
2023,Barcelona,la Font d'en Fargues,foreign population from low or middle income countries (%),,5.7
2023,Barcelona,la Font d'en Fargues,average income per person (€),,20798
2023,Barcelona,el Carmel,employed population (%),,66.6
2023,Barcelona,el Carmel,low-skilled workers (%),,13.4
2023,Barcelona,el Carmel,population with low studies (%),,17.9
2023,Barcelona,el Carmel,young population without post-compulsory education (%),,21.3
2023,Barcelona,el Carmel,foreign population from low or middle income countries (%),,16.9
2023,Barcelona,el Carmel,average income per person (€),,12839
2023,Barcelona,la Teixonera,employed population (%),,67.6
2023,Barcelona,la Teixonera,low-skilled workers (%),,10.3
2023,Barcelona,la Teixonera,population with low studies (%),,15.3
2023,Barcelona,la Teixonera,young population without post-compulsory education (%),,17.3
2023,Barcelona,la Teixonera,foreign population from low or middle income countries (%),,15.3
2023,Barcelona,la Teixonera,average income per person (€),,14044
2023,Barcelona,Sant Genís dels Agudells,employed population (%),,67
2023,Barcelona,Sant Genís dels Agudells,low-skilled workers (%),,10.1
2023,Barcelona,Sant Genís dels Agudells,population with low studies (%),,15.7
2023,Barcelona,Sant Genís dels Agudells,young population without post-compulsory education (%),,17.5
2023,Barcelona,Sant Genís dels Agudells,foreign population from low or middle income countries (%),,15.4
2023,Barcelona,Sant Genís dels Agudells,average income per person (€),,14610
2023,Barcelona,Montbau,employed population (%),,67.2
2023,Barcelona,Montbau,low-skilled workers (%),,5.3
2023,Barcelona,Montbau,population with low studies (%),,14
2023,Barcelona,Montbau,young population without post-compulsory education (%),,11.4
2023,Barcelona,Montbau,foreign population from low or middle income countries (%),,14.5
2023,Barcelona,Montbau,average income per person (€),,16254
2023,Barcelona,la Vall d'Hebron,employed population (%),,71.6
2023,Barcelona,la Vall d'Hebron,low-skilled workers (%),,4.6
2023,Barcelona,la Vall d'Hebron,population with low studies (%),,12.5
2023,Barcelona,la Vall d'Hebron,young population without post-compulsory education (%),,11.5
2023,Barcelona,la Vall d'Hebron,foreign population from low or middle income countries (%),,8.2
2023,Barcelona,la Vall d'Hebron,average income per person (€),,19071
2023,Barcelona,la Clota,employed population (%),,68
2023,Barcelona,la Clota,low-skilled workers (%),,7.3
2023,Barcelona,la Clota,population with low studies (%),,13.6
2023,Barcelona,la Clota,young population without post-compulsory education (%),,30.7
2023,Barcelona,la Clota,foreign population from low or middle income countries (%),,11.3
2023,Barcelona,la Clota,average income per person (€),,16063
2023,Barcelona,Horta,employed population (%),,62.5
2023,Barcelona,Horta,low-skilled workers (%),,8.5
2023,Barcelona,Horta,population with low studies (%),,15.3
2023,Barcelona,Horta,young population without post-compulsory education (%),,19.7
2023,Barcelona,Horta,foreign population from low or middle income countries (%),,10.1
2023,Barcelona,Horta,average income per person (€),,16833
2023,Barcelona,Vilapicina i la Torre Llobeta,employed population (%),,68.9
2023,Barcelona,Vilapicina i la Torre Llobeta,low-skilled workers (%),,8.6
2023,Barcelona,Vilapicina i la Torre Llobeta,population with low studies (%),,13.8
2023,Barcelona,Vilapicina i la Torre Llobeta,young population without post-compulsory education (%),,15.6
2023,Barcelona,Vilapicina i la Torre Llobeta,foreign population from low or middle income countries (%),,14.4
2023,Barcelona,Vilapicina i la Torre Llobeta,average income per person (€),,15942
2023,Barcelona,Porta,employed population (%),,59.9
2023,Barcelona,Porta,low-skilled workers (%),,12.8
2023,Barcelona,Porta,population with low studies (%),,18.3
2023,Barcelona,Porta,young population without post-compulsory education (%),,27.2
2023,Barcelona,Porta,foreign population from low or middle income countries (%),,15.6
2023,Barcelona,Porta,average income per person (€),,14383
2023,Barcelona,el Turó de la Peira,employed population (%),,63.7
2023,Barcelona,el Turó de la Peira,low-skilled workers (%),,16
2023,Barcelona,el Turó de la Peira,population with low studies (%),,17.2
2023,Barcelona,el Turó de la Peira,young population without post-compulsory education (%),,25
2023,Barcelona,el Turó de la Peira,foreign population from low or middle income countries (%),,23
2023,Barcelona,el Turó de la Peira,average income per person (€),,12062
2023,Barcelona,Can Peguera,employed population (%),,53.5
2023,Barcelona,Can Peguera,low-skilled workers (%),,18.6
2023,Barcelona,Can Peguera,population with low studies (%),,16.5
2023,Barcelona,Can Peguera,young population without post-compulsory education (%),,35.7
2023,Barcelona,Can Peguera,foreign population from low or middle income countries (%),,7.1
2023,Barcelona,Can Peguera,average income per person (€),,11671
2023,Barcelona,la Guineueta,employed population (%),,69.7
2023,Barcelona,la Guineueta,low-skilled workers (%),,8.8
2023,Barcelona,la Guineueta,population with low studies (%),,15.7
2023,Barcelona,la Guineueta,young population without post-compulsory education (%),,15.8
2023,Barcelona,la Guineueta,foreign population from low or middle income countries (%),,9.2
2023,Barcelona,la Guineueta,average income per person (€),,16169
2023,Barcelona,Canyelles,employed population (%),,68
2023,Barcelona,Canyelles,low-skilled workers (%),,12.7
2023,Barcelona,Canyelles,population with low studies (%),,18
2023,Barcelona,Canyelles,young population without post-compulsory education (%),,21.9
2023,Barcelona,Canyelles,foreign population from low or middle income countries (%),,6.9
2023,Barcelona,Canyelles,average income per person (€),,15375
2023,Barcelona,les Roquetes,employed population (%),,60.9
2023,Barcelona,les Roquetes,low-skilled workers (%),,20.3
2023,Barcelona,les Roquetes,population with low studies (%),,19.8
2023,Barcelona,les Roquetes,young population without post-compulsory education (%),,32.8
2023,Barcelona,les Roquetes,foreign population from low or middle income countries (%),,23.7
2023,Barcelona,les Roquetes,average income per person (€),,10936
2023,Barcelona,Verdun,employed population (%),,63.1
2023,Barcelona,Verdun,low-skilled workers (%),,16.2
2023,Barcelona,Verdun,population with low studies (%),,19
2023,Barcelona,Verdun,young population without post-compulsory education (%),,28.2
2023,Barcelona,Verdun,foreign population from low or middle income countries (%),,21.8
2023,Barcelona,Verdun,average income per person (€),,11906
2023,Barcelona,la Prosperitat,employed population (%),,67.4
2023,Barcelona,la Prosperitat,low-skilled workers (%),,13.6
2023,Barcelona,la Prosperitat,population with low studies (%),,19
2023,Barcelona,la Prosperitat,young population without post-compulsory education (%),,23.1
2023,Barcelona,la Prosperitat,foreign population from low or middle income countries (%),,16.9
2023,Barcelona,la Prosperitat,average income per person (€),,13300
2023,Barcelona,la Trinitat Nova,employed population (%),,59
2023,Barcelona,la Trinitat Nova,low-skilled workers (%),,21
2023,Barcelona,la Trinitat Nova,population with low studies (%),,17.4
2023,Barcelona,la Trinitat Nova,young population without post-compulsory education (%),,36.3
2023,Barcelona,la Trinitat Nova,foreign population from low or middle income countries (%),,22.2
2023,Barcelona,la Trinitat Nova,average income per person (€),,10812
2023,Barcelona,Torre Baró,employed population (%),,55.1
2023,Barcelona,Torre Baró,low-skilled workers (%),,21.8
2023,Barcelona,Torre Baró,population with low studies (%),,16.1
2023,Barcelona,Torre Baró,young population without post-compulsory education (%),,37.3
2023,Barcelona,Torre Baró,foreign population from low or middle income countries (%),,17.8
2023,Barcelona,Torre Baró,average income per person (€),,10083
2023,Barcelona,Ciutat Meridiana,employed population (%),,58.2
2023,Barcelona,Ciutat Meridiana,low-skilled workers (%),,24.3
2023,Barcelona,Ciutat Meridiana,population with low studies (%),,21.8
2023,Barcelona,Ciutat Meridiana,young population without post-compulsory education (%),,38.8
2023,Barcelona,Ciutat Meridiana,foreign population from low or middle income countries (%),,29.6
2023,Barcelona,Ciutat Meridiana,average income per person (€),,9267
2023,Barcelona,Vallbona,employed population (%),,60.1
2023,Barcelona,Vallbona,low-skilled workers (%),,19
2023,Barcelona,Vallbona,population with low studies (%),,20.3
2023,Barcelona,Vallbona,young population without post-compulsory education (%),,38.2
2023,Barcelona,Vallbona,foreign population from low or middle income countries (%),,15.7
2023,Barcelona,Vallbona,average income per person (€),,10461
2023,Barcelona,la Trinitat Vella,employed population (%),,59.2
2023,Barcelona,la Trinitat Vella,low-skilled workers (%),,19.4
2023,Barcelona,la Trinitat Vella,population with low studies (%),,19.4
2023,Barcelona,la Trinitat Vella,young population without post-compulsory education (%),,36.3
2023,Barcelona,la Trinitat Vella,foreign population from low or middle income countries (%),,27.7
2023,Barcelona,la Trinitat Vella,average income per person (€),,10355
2023,Barcelona,Baró de Viver,employed population (%),,56.9
2023,Barcelona,Baró de Viver,low-skilled workers (%),,21.3
2023,Barcelona,Baró de Viver,population with low studies (%),,17.8
2023,Barcelona,Baró de Viver,young population without post-compulsory education (%),,40.4
2023,Barcelona,Baró de Viver,foreign population from low or middle income countries (%),,13.3
2023,Barcelona,Baró de Viver,average income per person (€),,10758
2023,Barcelona,el Bon Pastor,employed population (%),,57.6
2023,Barcelona,el Bon Pastor,low-skilled workers (%),,15.5
2023,Barcelona,el Bon Pastor,population with low studies (%),,18.4
2023,Barcelona,el Bon Pastor,young population without post-compulsory education (%),,34.2
2023,Barcelona,el Bon Pastor,foreign population from low or middle income countries (%),,14.7
2023,Barcelona,el Bon Pastor,average income per person (€),,13083
2023,Barcelona,Sant Andreu,employed population (%),,71.7
2023,Barcelona,Sant Andreu,low-skilled workers (%),,6.5
2023,Barcelona,Sant Andreu,population with low studies (%),,11.6
2023,Barcelona,Sant Andreu,young population without post-compulsory education (%),,13.2
2023,Barcelona,Sant Andreu,foreign population from low or middle income countries (%),,7.8
2023,Barcelona,Sant Andreu,average income per person (€),,17625
2023,Barcelona,la Sagrera,employed population (%),,69.1
2023,Barcelona,la Sagrera,low-skilled workers (%),,8.1
2023,Barcelona,la Sagrera,population with low studies (%),,12.2
2023,Barcelona,la Sagrera,young population without post-compulsory education (%),,13.1
2023,Barcelona,la Sagrera,foreign population from low or middle income countries (%),,14.2
2023,Barcelona,la Sagrera,average income per person (€),,16350
2023,Barcelona,el Congrés i els Indians,employed population (%),,69.5
2023,Barcelona,el Congrés i els Indians,low-skilled workers (%),,7.4
2023,Barcelona,el Congrés i els Indians,population with low studies (%),,11.6
2023,Barcelona,el Congrés i els Indians,young population without post-compulsory education (%),,13.4
2023,Barcelona,el Congrés i els Indians,foreign population from low or middle income countries (%),,13.4
2023,Barcelona,el Congrés i els Indians,average income per person (€),,16403
2023,Barcelona,Navas,employed population (%),,70.5
2023,Barcelona,Navas,low-skilled workers (%),,6.8
2023,Barcelona,Navas,population with low studies (%),,11.1
2023,Barcelona,Navas,young population without post-compulsory education (%),,10.9
2023,Barcelona,Navas,foreign population from low or middle income countries (%),,12.9
2023,Barcelona,Navas,average income per person (€),,16969
2023,Barcelona,el Camp de l'Arpa del Clot,employed population (%),,69.5
2023,Barcelona,el Camp de l'Arpa del Clot,low-skilled workers (%),,5.9
2023,Barcelona,el Camp de l'Arpa del Clot,population with low studies (%),,10.3
2023,Barcelona,el Camp de l'Arpa del Clot,young population without post-compulsory education (%),,10.6
2023,Barcelona,el Camp de l'Arpa del Clot,foreign population from low or middle income countries (%),,14.4
2023,Barcelona,el Camp de l'Arpa del Clot,average income per person (€),,17680
2023,Barcelona,el Clot,employed population (%),,69.7
2023,Barcelona,el Clot,low-skilled workers (%),,6.5
2023,Barcelona,el Clot,population with low studies (%),,10.1
2023,Barcelona,el Clot,young population without post-compulsory education (%),,10.3
2023,Barcelona,el Clot,foreign population from low or middle income countries (%),,11.6
2023,Barcelona,el Clot,average income per person (€),,17393
2023,Barcelona,el Parc i la Llacuna del Poblenou,employed population (%),,65.2
2023,Barcelona,el Parc i la Llacuna del Poblenou,low-skilled workers (%),,4.2
2023,Barcelona,el Parc i la Llacuna del Poblenou,population with low studies (%),,9.2
2023,Barcelona,el Parc i la Llacuna del Poblenou,young population without post-compulsory education (%),,9.7
2023,Barcelona,el Parc i la Llacuna del Poblenou,foreign population from low or middle income countries (%),,12.8
2023,Barcelona,el Parc i la Llacuna del Poblenou,average income per person (€),,18264
2023,Barcelona,la Vila Olímpica del Poblenou,employed population (%),,65.6
2023,Barcelona,la Vila Olímpica del Poblenou,low-skilled workers (%),,1.9
2023,Barcelona,la Vila Olímpica del Poblenou,population with low studies (%),,4.4
2023,Barcelona,la Vila Olímpica del Poblenou,young population without post-compulsory education (%),,4.5
2023,Barcelona,la Vila Olímpica del Poblenou,foreign population from low or middle income countries (%),,8.5
2023,Barcelona,la Vila Olímpica del Poblenou,average income per person (€),,25905
2023,Barcelona,el Poblenou,employed population (%),,70
2023,Barcelona,el Poblenou,low-skilled workers (%),,4.3
2023,Barcelona,el Poblenou,population with low studies (%),,9.3
2023,Barcelona,el Poblenou,young population without post-compulsory education (%),,9.4
2023,Barcelona,el Poblenou,foreign population from low or middle income countries (%),,10.6
2023,Barcelona,el Poblenou,average income per person (€),,18860
2023,Barcelona,Diagonal Mar i el Front Marítim del Poblenou,employed population (%),,66.6
2023,Barcelona,Diagonal Mar i el Front Marítim del Poblenou,low-skilled workers (%),,2.9
2023,Barcelona,Diagonal Mar i el Front Marítim del Poblenou,population with low studies (%),,9.8
2023,Barcelona,Diagonal Mar i el Front Marítim del Poblenou,young population without post-compulsory education (%),,9.7
2023,Barcelona,Diagonal Mar i el Front Marítim del Poblenou,foreign population from low or middle income countries (%),,12.7
2023,Barcelona,Diagonal Mar i el Front Marítim del Poblenou,average income per person (€),,20637
2023,Barcelona,el Besòs i el Maresme,employed population (%),,52
2023,Barcelona,el Besòs i el Maresme,low-skilled workers (%),,16.6
2023,Barcelona,el Besòs i el Maresme,population with low studies (%),,21.1
2023,Barcelona,el Besòs i el Maresme,young population without post-compulsory education (%),,38.6
2023,Barcelona,el Besòs i el Maresme,foreign population from low or middle income countries (%),,27
2023,Barcelona,el Besòs i el Maresme,average income per person (€),,11590
2023,Barcelona,Provençals del Poblenou,employed population (%),,68
2023,Barcelona,Provençals del Poblenou,low-skilled workers (%),,6.8
2023,Barcelona,Provençals del Poblenou,population with low studies (%),,11.3
2023,Barcelona,Provençals del Poblenou,young population without post-compulsory education (%),,14
2023,Barcelona,Provençals del Poblenou,foreign population from low or middle income countries (%),,12.9
2023,Barcelona,Provençals del Poblenou,average income per person (€),,16415
2023,Barcelona,Sant Martí de Provençals,employed population (%),,68.3
2023,Barcelona,Sant Martí de Provençals,low-skilled workers (%),,8
2023,Barcelona,Sant Martí de Provençals,population with low studies (%),,14.8
2023,Barcelona,Sant Martí de Provençals,young population without post-compulsory education (%),,15.8
2023,Barcelona,Sant Martí de Provençals,foreign population from low or middle income countries (%),,13.3
2023,Barcelona,Sant Martí de Provençals,average income per person (€),,15529
2023,Barcelona,la Verneda i la Pau,employed population (%),,64.9
2023,Barcelona,la Verneda i la Pau,low-skilled workers (%),,11.1
2023,Barcelona,la Verneda i la Pau,population with low studies (%),,17.3
2023,Barcelona,la Verneda i la Pau,young population without post-compulsory education (%),,19.8
2023,Barcelona,la Verneda i la Pau,foreign population from low or middle income countries (%),,14.8
2023,Barcelona,la Verneda i la Pau,average income per person (€),,14116
2023,Barcelona,total,employed population (%),,65.6
2023,Barcelona,total,low-skilled workers (%),,7.4
2023,Barcelona,total,population with low studies (%),,11.3
2023,Barcelona,total,young population without post-compulsory education (%),,14.6
2023,Barcelona,total,foreign population from low or middle income countries (%),,14.4
2023,Barcelona,total,average income per person (€),,19527
